[23-Jul-2025 14:00:01 UTC] WordPress database error Duplicate key name 'post_id' for query ALTER TABLE `wp_tec_waitlists` ADD INDEX `post_id` ( post_id ) made by require_once('wp-load.php'), require_once('wp-config.php'), require_once('wp-settings.php'), do_action('init'), WP_Hook->do_action, WP_Hook->apply_filters, Tribe__Tickets_Plus__Main->init, tribe_register_provider, TEC\Common\Contracts\Container->register, TEC\Common\lucatume\DI52\Container->register, Tribe__Tickets_Plus__Service_Provider->register, tribe_register_provider, TEC\Common\Contracts\Container->register, TEC\Common\lucatume\DI52\Container->register, TEC\Tickets_Plus\Provider->register, TEC\Common\Contracts\Container->register, TEC\Common\lucatume\DI52\Container->register, TEC\Common\Contracts\Provider\Controller->register, TEC\Tickets_Plus\Waitlist\Controller->do_register, TEC\Common\Contracts\Container->register, TEC\Common\lucatume\DI52\Container->register, TEC\Common\Contracts\Provider\Controller->register, TEC\Tickets_Plus\Waitlist\Tables->do_register, TEC\Common\StellarWP\Schema\Register::table, TEC\Common\StellarWP\Schema\Builder->up, TEC\Common\StellarWP\Schema\Tables\Contracts\Table->update, TEC\Tickets_Plus\Waitlist\Tables\Waitlists->after_update, TEC\Common\Integrations\Custom_Table_Abstract->check_and_add_index, TEC\Common\StellarWP\DB\DB::__callStatic, TEC\Common\StellarWP\DB\DB::runQueryWithErrorChecking, TEC\Common\StellarWP\DB\DB::TEC\Common\StellarWP\DB\{closure}, call_user_func_array
[23-Jul-2025 14:00:01 UTC] PHP Fatal error:  Uncaught TEC\Common\StellarWP\DB\Database\Exceptions\DatabaseQueryException: Database Query in C:\Users\britt\Local Sites\sitecaredev\app\public\wp-content\plugins\event-tickets\common\vendor\vendor-prefixed\stellarwp\db\src\DB\DB.php:291
Stack trace:
#0 C:\Users\britt\Local Sites\sitecaredev\app\public\wp-content\plugins\event-tickets\common\vendor\vendor-prefixed\stellarwp\db\src\DB\DB.php(114): TEC\Common\StellarWP\DB\DB::runQueryWithErrorChecking(Object(Closure))
#1 C:\Users\britt\Local Sites\sitecaredev\app\public\wp-content\plugins\event-tickets\common\src\Common\Integrations\Custom_Table_Abstract.php(66): TEC\Common\StellarWP\DB\DB::__callStatic('query', Array)
#2 C:\Users\britt\Local Sites\sitecaredev\app\public\wp-content\plugins\event-tickets-plus\src\Tickets_Plus\Waitlist\Tables\Waitlists.php(126): TEC\Common\Integrations\Custom_Table_Abstract->check_and_add_index(Array, 'post_id', 'post_id')
#3 C:\Users\britt\Local Sites\sitecaredev\app\public\wp-content\plugins\event-tickets\common\vendor\vendor-prefixed\stellarwp\schema\src\Schema\Tables\Contracts\Table.php(524): TEC\Tickets_Plus\Waitlist\Tables\Waitlists->after_update(Array)
#4 C:\Users\britt\Local Sites\sitecaredev\app\public\wp-content\plugins\event-tickets\common\vendor\vendor-prefixed\stellarwp\schema\src\Schema\Builder.php(270): TEC\Common\StellarWP\Schema\Tables\Contracts\Table->update()
#5 C:\Users\britt\Local Sites\sitecaredev\app\public\wp-content\plugins\event-tickets\common\vendor\vendor-prefixed\stellarwp\schema\src\Schema\Register.php(133): TEC\Common\StellarWP\Schema\Builder->up()
#6 C:\Users\britt\Local Sites\sitecaredev\app\public\wp-content\plugins\event-tickets-plus\src\Tickets_Plus\Waitlist\Tables.php(43): TEC\Common\StellarWP\Schema\Register::table(Object(TEC\Tickets_Plus\Waitlist\Tables\Waitlists))
#7 C:\Users\britt\Local Sites\sitecaredev\app\public\wp-content\plugins\event-tickets\common\src\Common\Contracts\Provider\Controller.php(48): TEC\Tickets_Plus\Waitlist\Tables->do_register()
#8 C:\Users\britt\Local Sites\sitecaredev\app\public\wp-content\plugins\event-tickets\common\vendor\vendor-prefixed\lucatume\di52\src\Container.php(459): TEC\Common\Contracts\Provider\Controller->register()
#9 C:\Users\britt\Local Sites\sitecaredev\app\public\wp-content\plugins\event-tickets\common\src\Common\Contracts\Container.php(56): TEC\Common\lucatume\DI52\Container->register('TEC\\Tickets_Plu...')
#10 C:\Users\britt\Local Sites\sitecaredev\app\public\wp-content\plugins\event-tickets-plus\src\Tickets_Plus\Waitlist\Controller.php(98): TEC\Common\Contracts\Container->register('TEC\\Tickets_Plu...')
#11 C:\Users\britt\Local Sites\sitecaredev\app\public\wp-content\plugins\event-tickets\common\src\Common\Contracts\Provider\Controller.php(48): TEC\Tickets_Plus\Waitlist\Controller->do_register()
#12 C:\Users\britt\Local Sites\sitecaredev\app\public\wp-content\plugins\event-tickets\common\vendor\vendor-prefixed\lucatume\di52\src\Container.php(459): TEC\Common\Contracts\Provider\Controller->register()
#13 C:\Users\britt\Local Sites\sitecaredev\app\public\wp-content\plugins\event-tickets\common\src\Common\Contracts\Container.php(56): TEC\Common\lucatume\DI52\Container->register('TEC\\Tickets_Plu...')
#14 C:\Users\britt\Local Sites\sitecaredev\app\public\wp-content\plugins\event-tickets-plus\src\Tickets_Plus\Provider.php(61): TEC\Common\Contracts\Container->register('TEC\\Tickets_Plu...')
#15 C:\Users\britt\Local Sites\sitecaredev\app\public\wp-content\plugins\event-tickets\common\vendor\vendor-prefixed\lucatume\di52\src\Container.php(459): TEC\Tickets_Plus\Provider->register()
#16 C:\Users\britt\Local Sites\sitecaredev\app\public\wp-content\plugins\event-tickets\common\src\Common\Contracts\Container.php(56): TEC\Common\lucatume\DI52\Container->register('TEC\\Tickets_Plu...')
#17 C:\Users\britt\Local Sites\sitecaredev\app\public\wp-content\plugins\event-tickets\common\src\Tribe\Container.php(306): TEC\Common\Contracts\Container->register('TEC\\Tickets_Plu...')
#18 C:\Users\britt\Local Sites\sitecaredev\app\public\wp-content\plugins\event-tickets-plus\src\Tribe\Service_Provider.php(35): tribe_register_provider('TEC\\Tickets_Plu...')
#19 C:\Users\britt\Local Sites\sitecaredev\app\public\wp-content\plugins\event-tickets\common\vendor\vendor-prefixed\lucatume\di52\src\Container.php(459): Tribe__Tickets_Plus__Service_Provider->register()
#20 C:\Users\britt\Local Sites\sitecaredev\app\public\wp-content\plugins\event-tickets\common\src\Common\Contracts\Container.php(56): TEC\Common\lucatume\DI52\Container->register('Tribe__Tickets_...')
#21 C:\Users\britt\Local Sites\sitecaredev\app\public\wp-content\plugins\event-tickets\common\src\Tribe\Container.php(306): TEC\Common\Contracts\Container->register('Tribe__Tickets_...')
#22 C:\Users\britt\Local Sites\sitecaredev\app\public\wp-content\plugins\event-tickets-plus\src\Tribe\Main.php(189): tribe_register_provider('Tribe__Tickets_...')
#23 C:\Users\britt\Local Sites\sitecaredev\app\public\wp-includes\class-wp-hook.php(324): Tribe__Tickets_Plus__Main->init('')
#24 C:\Users\britt\Local Sites\sitecaredev\app\public\wp-includes\class-wp-hook.php(348): WP_Hook->apply_filters(NULL, Array)
#25 C:\Users\britt\Local Sites\sitecaredev\app\public\wp-includes\plugin.php(517): WP_Hook->do_action(Array)
#26 C:\Users\britt\Local Sites\sitecaredev\app\public\wp-settings.php(727): do_action('init')
#27 C:\Users\britt\Local Sites\sitecaredev\app\public\wp-config.php(103): require_once('C:\\Users\\britt\\...')
#28 C:\Users\britt\Local Sites\sitecaredev\app\public\wp-load.php(50): require_once('C:\\Users\\britt\\...')
#29 C:\Users\britt\Local Sites\sitecaredev\app\public\wp-admin\admin-ajax.php(22): require_once('C:\\Users\\britt\\...')
#30 {main}
  thrown in C:\Users\britt\Local Sites\sitecaredev\app\public\wp-content\plugins\event-tickets\common\vendor\vendor-prefixed\stellarwp\db\src\DB\DB.php on line 291
[23-Jul-2025 14:00:28 UTC] There aren't users with empty `account_status`. Maybe some users were approved manually or deleted.
[23-Jul-2025 14:00:28 UTC] There aren't users with empty `account_status`. Maybe some users were approved manually or deleted.
[23-Jul-2025 14:00:28 UTC] There aren't users with empty `account_status`. Maybe some users were approved manually or deleted.
[23-Jul-2025 14:00:28 UTC] There aren't users with empty `account_status`. Maybe some users were approved manually or deleted.
[23-Jul-2025 14:00:28 UTC] There aren't users with empty `account_status`. Maybe some users were approved manually or deleted.
[23-Jul-2025 16:15:18 UTC] PHP Warning:  Undefined variable $ticket_id in C:\Users\britt\Local Sites\sitecaredev\app\public\wp-content\themes\divinonprofit\tribe\tickets-plus\v2\modal\attendee-registration.php on line 2
[23-Jul-2025 16:21:08 UTC] PHP Parse error:  Unclosed '{' on line 18 in C:\Users\britt\Local Sites\sitecaredev\app\public\wp-content\themes\divinonprofit\tribe\tickets-plus\v2\modal\attendee-registration.php on line 43
[24-Jul-2025 13:58:15 UTC] PHP Fatal error:  Uncaught Error: Object of class Tribe__Tickets_Plus__Meta__Render could not be converted to string in C:\Users\britt\Local Sites\sitecaredev\app\public\wp-content\themes\divinonprofit\tribe\tickets-plus\v2\modal\attendee-registration.php:47
Stack trace:
#0 C:\Users\britt\Local Sites\sitecaredev\app\public\wp-content\plugins\event-tickets\common\src\Tribe\Template.php(1069): include()
#1 C:\Users\britt\Local Sites\sitecaredev\app\public\wp-content\plugins\event-tickets\common\src\Tribe\Template.php(919): Tribe__Template->template_safe_include(NULL)
#2 C:\Users\britt\Local Sites\sitecaredev\app\public\wp-content\plugins\event-tickets-plus\src\views\v2\modal\form.php(40): Tribe__Template->template(Array)
#3 C:\Users\britt\Local Sites\sitecaredev\app\public\wp-content\plugins\event-tickets\common\src\Tribe\Template.php(1069): include('C:\\Users\\britt\\...')
#4 C:\Users\britt\Local Sites\sitecaredev\app\public\wp-content\plugins\event-tickets\common\src\Tribe\Template.php(919): Tribe__Template->template_safe_include(NULL)
#5 C:\Users\britt\Local Sites\sitecaredev\app\public\wp-content\plugins\event-tickets-plus\src\views\v2\tickets\submit\button-modal.php(95): Tribe__Template->template(Array, Array, false)
#6 C:\Users\britt\Local Sites\sitecaredev\app\public\wp-content\plugins\event-tickets\common\src\Tribe\Template.php(1069): include('C:\\Users\\britt\\...')
#7 C:\Users\britt\Local Sites\sitecaredev\app\public\wp-content\plugins\event-tickets\common\src\Tribe\Template.php(919): Tribe__Template->template_safe_include(NULL)
#8 C:\Users\britt\Local Sites\sitecaredev\app\public\wp-content\plugins\event-tickets-plus\src\Tribe\Attendee_Registration\Modal.php(165): Tribe__Template->template(Array)
#9 C:\Users\britt\Local Sites\sitecaredev\app\public\wp-includes\class-wp-hook.php(324): Tribe\Tickets\Plus\Attendee_Registration\Modal->render_modal_submit_button('C:\\Users\\britt\\...', Array, Object(Tribe__Tickets__Editor__Template))
#10 C:\Users\britt\Local Sites\sitecaredev\app\public\wp-includes\class-wp-hook.php(348): WP_Hook->apply_filters('', Array)
#11 C:\Users\britt\Local Sites\sitecaredev\app\public\wp-includes\plugin.php(517): WP_Hook->do_action(Array)
#12 C:\Users\britt\Local Sites\sitecaredev\app\public\wp-content\plugins\event-tickets\common\src\Tribe\Template.php(1446): do_action('tribe_template_...', 'C:\\Users\\britt\\...', Array, Object(Tribe__Tickets__Editor__Template))
#13 C:\Users\britt\Local Sites\sitecaredev\app\public\wp-content\plugins\event-tickets\common\src\Tribe\Template.php(916): Tribe__Template->actions_before_template('C:\\Users\\britt\\...', Array, 'tickets/v2/tick...')
#14 C:\Users\britt\Local Sites\sitecaredev\app\public\wp-content\plugins\event-tickets\src\views\v2\tickets\submit.php(46): Tribe__Template->template(Array)
#15 C:\Users\britt\Local Sites\sitecaredev\app\public\wp-content\plugins\event-tickets\common\src\Tribe\Template.php(1069): include('C:\\Users\\britt\\...')
#16 C:\Users\britt\Local Sites\sitecaredev\app\public\wp-content\plugins\event-tickets\common\src\Tribe\Template.php(919): Tribe__Template->template_safe_include(NULL)
#17 C:\Users\britt\Local Sites\sitecaredev\app\public\wp-content\plugins\event-tickets\src\views\v2\tickets\footer.php(54): Tribe__Template->template(Array)
#18 C:\Users\britt\Local Sites\sitecaredev\app\public\wp-content\plugins\event-tickets\common\src\Tribe\Template.php(1069): include('C:\\Users\\britt\\...')
#19 C:\Users\britt\Local Sites\sitecaredev\app\public\wp-content\plugins\event-tickets\common\src\Tribe\Template.php(919): Tribe__Template->template_safe_include(NULL)
#20 C:\Users\britt\Local Sites\sitecaredev\app\public\wp-content\plugins\event-tickets\src\views\v2\tickets.php(77): Tribe__Template->template(Array)
#21 C:\Users\britt\Local Sites\sitecaredev\app\public\wp-content\plugins\event-tickets\common\src\Tribe\Template.php(1069): include('C:\\Users\\britt\\...')
#22 C:\Users\britt\Local Sites\sitecaredev\app\public\wp-content\plugins\event-tickets\common\src\Tribe\Template.php(919): Tribe__Template->template_safe_include(NULL)
#23 C:\Users\britt\Local Sites\sitecaredev\app\public\wp-content\plugins\event-tickets\src\Tribe\Tickets_View.php(1194): Tribe__Template->template(Array, Array, true)
#24 C:\Users\britt\Local Sites\sitecaredev\app\public\wp-content\plugins\event-tickets-plus\src\Tribe\Commerce\WooCommerce\Main.php(2027): Tribe__Tickets__Tickets_View->get_tickets_block(Object(WP_Post))
#25 C:\Users\britt\Local Sites\sitecaredev\app\public\wp-content\plugins\event-tickets\src\Tribe\Tickets.php(1348): Tribe__Tickets_Plus__Commerce__WooCommerce__Main->front_end_tickets_form('')
#26 C:\Users\britt\Local Sites\sitecaredev\app\public\wp-includes\class-wp-hook.php(324): Tribe__Tickets__Tickets->maybe_add_front_end_tickets_form('')
#27 C:\Users\britt\Local Sites\sitecaredev\app\public\wp-includes\class-wp-hook.php(348): WP_Hook->apply_filters(NULL, Array)
#28 C:\Users\britt\Local Sites\sitecaredev\app\public\wp-includes\plugin.php(517): WP_Hook->do_action(Array)
#29 C:\Users\britt\Local Sites\sitecaredev\app\public\wp-content\plugins\the-events-calendar\src\views\single-event.php(122): do_action('tribe_events_si...')
#30 C:\Users\britt\Local Sites\sitecaredev\app\public\wp-content\plugins\the-events-calendar\src\functions\template-tags\general.php(42): include('C:\\Users\\britt\\...')
#31 C:\Users\britt\Local Sites\sitecaredev\app\public\wp-content\plugins\the-events-calendar\src\Tribe\Views\V2\Template_Bootstrap.php(207): tribe_get_view('single-event')
#32 C:\Users\britt\Local Sites\sitecaredev\app\public\wp-content\plugins\the-events-calendar\src\Tribe\Views\V2\Template_Bootstrap.php(285): Tribe\Events\Views\V2\Template_Bootstrap->get_v1_single_event_html()
#33 C:\Users\britt\Local Sites\sitecaredev\app\public\wp-content\plugins\the-events-calendar\src\views\v2\default-template.php(19): Tribe\Events\Views\V2\Template_Bootstrap->get_view_html()
#34 C:\Users\britt\Local Sites\sitecaredev\app\public\wp-includes\template-loader.php(106): include('C:\\Users\\britt\\...')
#35 C:\Users\britt\Local Sites\sitecaredev\app\public\wp-blog-header.php(19): require_once('C:\\Users\\britt\\...')
#36 C:\Users\britt\Local Sites\sitecaredev\app\public\index.php(17): require('C:\\Users\\britt\\...')
#37 {main}
  thrown in C:\Users\britt\Local Sites\sitecaredev\app\public\wp-content\themes\divinonprofit\tribe\tickets-plus\v2\modal\attendee-registration.php on line 47
[24-Jul-2025 18:22:21 UTC] PHP Fatal error:  Uncaught Error: Object of class Tribe__Tickets_Plus__Meta__Render could not be converted to string in C:\Users\britt\Local Sites\sitecaredev\app\public\wp-content\themes\divinonprofit\tribe\tickets-plus\v2\modal\attendee-registration.php:66
Stack trace:
#0 C:\Users\britt\Local Sites\sitecaredev\app\public\wp-content\plugins\event-tickets\common\src\Tribe\Template.php(1069): include()
#1 C:\Users\britt\Local Sites\sitecaredev\app\public\wp-content\plugins\event-tickets\common\src\Tribe\Template.php(919): Tribe__Template->template_safe_include(NULL)
#2 C:\Users\britt\Local Sites\sitecaredev\app\public\wp-content\plugins\event-tickets-plus\src\views\v2\modal\form.php(40): Tribe__Template->template(Array)
#3 C:\Users\britt\Local Sites\sitecaredev\app\public\wp-content\plugins\event-tickets\common\src\Tribe\Template.php(1069): include('C:\\Users\\britt\\...')
#4 C:\Users\britt\Local Sites\sitecaredev\app\public\wp-content\plugins\event-tickets\common\src\Tribe\Template.php(919): Tribe__Template->template_safe_include(NULL)
#5 C:\Users\britt\Local Sites\sitecaredev\app\public\wp-content\plugins\event-tickets-plus\src\views\v2\tickets\submit\button-modal.php(95): Tribe__Template->template(Array, Array, false)
#6 C:\Users\britt\Local Sites\sitecaredev\app\public\wp-content\plugins\event-tickets\common\src\Tribe\Template.php(1069): include('C:\\Users\\britt\\...')
#7 C:\Users\britt\Local Sites\sitecaredev\app\public\wp-content\plugins\event-tickets\common\src\Tribe\Template.php(919): Tribe__Template->template_safe_include(NULL)
#8 C:\Users\britt\Local Sites\sitecaredev\app\public\wp-content\plugins\event-tickets-plus\src\Tribe\Attendee_Registration\Modal.php(165): Tribe__Template->template(Array)
#9 C:\Users\britt\Local Sites\sitecaredev\app\public\wp-includes\class-wp-hook.php(324): Tribe\Tickets\Plus\Attendee_Registration\Modal->render_modal_submit_button('C:\\Users\\britt\\...', Array, Object(Tribe__Tickets__Editor__Template))
#10 C:\Users\britt\Local Sites\sitecaredev\app\public\wp-includes\class-wp-hook.php(348): WP_Hook->apply_filters('', Array)
#11 C:\Users\britt\Local Sites\sitecaredev\app\public\wp-includes\plugin.php(517): WP_Hook->do_action(Array)
#12 C:\Users\britt\Local Sites\sitecaredev\app\public\wp-content\plugins\event-tickets\common\src\Tribe\Template.php(1446): do_action('tribe_template_...', 'C:\\Users\\britt\\...', Array, Object(Tribe__Tickets__Editor__Template))
#13 C:\Users\britt\Local Sites\sitecaredev\app\public\wp-content\plugins\event-tickets\common\src\Tribe\Template.php(916): Tribe__Template->actions_before_template('C:\\Users\\britt\\...', Array, 'tickets/v2/tick...')
#14 C:\Users\britt\Local Sites\sitecaredev\app\public\wp-content\plugins\event-tickets\src\views\v2\tickets\submit.php(46): Tribe__Template->template(Array)
#15 C:\Users\britt\Local Sites\sitecaredev\app\public\wp-content\plugins\event-tickets\common\src\Tribe\Template.php(1069): include('C:\\Users\\britt\\...')
#16 C:\Users\britt\Local Sites\sitecaredev\app\public\wp-content\plugins\event-tickets\common\src\Tribe\Template.php(919): Tribe__Template->template_safe_include(NULL)
#17 C:\Users\britt\Local Sites\sitecaredev\app\public\wp-content\plugins\event-tickets\src\views\v2\tickets\footer.php(54): Tribe__Template->template(Array)
#18 C:\Users\britt\Local Sites\sitecaredev\app\public\wp-content\plugins\event-tickets\common\src\Tribe\Template.php(1069): include('C:\\Users\\britt\\...')
#19 C:\Users\britt\Local Sites\sitecaredev\app\public\wp-content\plugins\event-tickets\common\src\Tribe\Template.php(919): Tribe__Template->template_safe_include(NULL)
#20 C:\Users\britt\Local Sites\sitecaredev\app\public\wp-content\plugins\event-tickets\src\views\v2\tickets.php(77): Tribe__Template->template(Array)
#21 C:\Users\britt\Local Sites\sitecaredev\app\public\wp-content\plugins\event-tickets\common\src\Tribe\Template.php(1069): include('C:\\Users\\britt\\...')
#22 C:\Users\britt\Local Sites\sitecaredev\app\public\wp-content\plugins\event-tickets\common\src\Tribe\Template.php(919): Tribe__Template->template_safe_include(NULL)
#23 C:\Users\britt\Local Sites\sitecaredev\app\public\wp-content\plugins\event-tickets\src\Tribe\Tickets_View.php(1194): Tribe__Template->template(Array, Array, true)
#24 C:\Users\britt\Local Sites\sitecaredev\app\public\wp-content\plugins\event-tickets-plus\src\Tribe\Commerce\WooCommerce\Main.php(2027): Tribe__Tickets__Tickets_View->get_tickets_block(Object(WP_Post))
#25 C:\Users\britt\Local Sites\sitecaredev\app\public\wp-content\plugins\event-tickets\src\Tribe\Tickets.php(1348): Tribe__Tickets_Plus__Commerce__WooCommerce__Main->front_end_tickets_form('')
#26 C:\Users\britt\Local Sites\sitecaredev\app\public\wp-includes\class-wp-hook.php(324): Tribe__Tickets__Tickets->maybe_add_front_end_tickets_form('')
#27 C:\Users\britt\Local Sites\sitecaredev\app\public\wp-includes\class-wp-hook.php(348): WP_Hook->apply_filters(NULL, Array)
#28 C:\Users\britt\Local Sites\sitecaredev\app\public\wp-includes\plugin.php(517): WP_Hook->do_action(Array)
#29 C:\Users\britt\Local Sites\sitecaredev\app\public\wp-content\plugins\the-events-calendar\src\views\single-event.php(122): do_action('tribe_events_si...')
#30 C:\Users\britt\Local Sites\sitecaredev\app\public\wp-content\plugins\the-events-calendar\src\functions\template-tags\general.php(42): include('C:\\Users\\britt\\...')
#31 C:\Users\britt\Local Sites\sitecaredev\app\public\wp-content\plugins\the-events-calendar\src\Tribe\Views\V2\Template_Bootstrap.php(207): tribe_get_view('single-event')
#32 C:\Users\britt\Local Sites\sitecaredev\app\public\wp-content\plugins\the-events-calendar\src\Tribe\Views\V2\Template_Bootstrap.php(285): Tribe\Events\Views\V2\Template_Bootstrap->get_v1_single_event_html()
#33 C:\Users\britt\Local Sites\sitecaredev\app\public\wp-content\plugins\the-events-calendar\src\views\v2\default-template.php(19): Tribe\Events\Views\V2\Template_Bootstrap->get_view_html()
#34 C:\Users\britt\Local Sites\sitecaredev\app\public\wp-includes\template-loader.php(106): include('C:\\Users\\britt\\...')
#35 C:\Users\britt\Local Sites\sitecaredev\app\public\wp-blog-header.php(19): require_once('C:\\Users\\britt\\...')
#36 C:\Users\britt\Local Sites\sitecaredev\app\public\index.php(17): require('C:\\Users\\britt\\...')
#37 {main}
  thrown in C:\Users\britt\Local Sites\sitecaredev\app\public\wp-content\themes\divinonprofit\tribe\tickets-plus\v2\modal\attendee-registration.php on line 66
[24-Jul-2025 18:23:02 UTC] PHP Fatal error:  Uncaught Error: Object of class Tribe__Tickets_Plus__Meta__Render could not be converted to string in C:\Users\britt\Local Sites\sitecaredev\app\public\wp-content\themes\divinonprofit\tribe\tickets-plus\v2\modal\attendee-registration.php:66
Stack trace:
#0 C:\Users\britt\Local Sites\sitecaredev\app\public\wp-content\plugins\event-tickets\common\src\Tribe\Template.php(1069): include()
#1 C:\Users\britt\Local Sites\sitecaredev\app\public\wp-content\plugins\event-tickets\common\src\Tribe\Template.php(919): Tribe__Template->template_safe_include(NULL)
#2 C:\Users\britt\Local Sites\sitecaredev\app\public\wp-content\plugins\event-tickets-plus\src\views\v2\modal\form.php(40): Tribe__Template->template(Array)
#3 C:\Users\britt\Local Sites\sitecaredev\app\public\wp-content\plugins\event-tickets\common\src\Tribe\Template.php(1069): include('C:\\Users\\britt\\...')
#4 C:\Users\britt\Local Sites\sitecaredev\app\public\wp-content\plugins\event-tickets\common\src\Tribe\Template.php(919): Tribe__Template->template_safe_include(NULL)
#5 C:\Users\britt\Local Sites\sitecaredev\app\public\wp-content\plugins\event-tickets-plus\src\views\v2\tickets\submit\button-modal.php(95): Tribe__Template->template(Array, Array, false)
#6 C:\Users\britt\Local Sites\sitecaredev\app\public\wp-content\plugins\event-tickets\common\src\Tribe\Template.php(1069): include('C:\\Users\\britt\\...')
#7 C:\Users\britt\Local Sites\sitecaredev\app\public\wp-content\plugins\event-tickets\common\src\Tribe\Template.php(919): Tribe__Template->template_safe_include(NULL)
#8 C:\Users\britt\Local Sites\sitecaredev\app\public\wp-content\plugins\event-tickets-plus\src\Tribe\Attendee_Registration\Modal.php(165): Tribe__Template->template(Array)
#9 C:\Users\britt\Local Sites\sitecaredev\app\public\wp-includes\class-wp-hook.php(324): Tribe\Tickets\Plus\Attendee_Registration\Modal->render_modal_submit_button('C:\\Users\\britt\\...', Array, Object(Tribe__Tickets__Editor__Template))
#10 C:\Users\britt\Local Sites\sitecaredev\app\public\wp-includes\class-wp-hook.php(348): WP_Hook->apply_filters('', Array)
#11 C:\Users\britt\Local Sites\sitecaredev\app\public\wp-includes\plugin.php(517): WP_Hook->do_action(Array)
#12 C:\Users\britt\Local Sites\sitecaredev\app\public\wp-content\plugins\event-tickets\common\src\Tribe\Template.php(1446): do_action('tribe_template_...', 'C:\\Users\\britt\\...', Array, Object(Tribe__Tickets__Editor__Template))
#13 C:\Users\britt\Local Sites\sitecaredev\app\public\wp-content\plugins\event-tickets\common\src\Tribe\Template.php(916): Tribe__Template->actions_before_template('C:\\Users\\britt\\...', Array, 'tickets/v2/tick...')
#14 C:\Users\britt\Local Sites\sitecaredev\app\public\wp-content\plugins\event-tickets\src\views\v2\tickets\submit.php(46): Tribe__Template->template(Array)
#15 C:\Users\britt\Local Sites\sitecaredev\app\public\wp-content\plugins\event-tickets\common\src\Tribe\Template.php(1069): include('C:\\Users\\britt\\...')
#16 C:\Users\britt\Local Sites\sitecaredev\app\public\wp-content\plugins\event-tickets\common\src\Tribe\Template.php(919): Tribe__Template->template_safe_include(NULL)
#17 C:\Users\britt\Local Sites\sitecaredev\app\public\wp-content\plugins\event-tickets\src\views\v2\tickets\footer.php(54): Tribe__Template->template(Array)
#18 C:\Users\britt\Local Sites\sitecaredev\app\public\wp-content\plugins\event-tickets\common\src\Tribe\Template.php(1069): include('C:\\Users\\britt\\...')
#19 C:\Users\britt\Local Sites\sitecaredev\app\public\wp-content\plugins\event-tickets\common\src\Tribe\Template.php(919): Tribe__Template->template_safe_include(NULL)
#20 C:\Users\britt\Local Sites\sitecaredev\app\public\wp-content\plugins\event-tickets\src\views\v2\tickets.php(77): Tribe__Template->template(Array)
#21 C:\Users\britt\Local Sites\sitecaredev\app\public\wp-content\plugins\event-tickets\common\src\Tribe\Template.php(1069): include('C:\\Users\\britt\\...')
#22 C:\Users\britt\Local Sites\sitecaredev\app\public\wp-content\plugins\event-tickets\common\src\Tribe\Template.php(919): Tribe__Template->template_safe_include(NULL)
#23 C:\Users\britt\Local Sites\sitecaredev\app\public\wp-content\plugins\event-tickets\src\Tribe\Tickets_View.php(1194): Tribe__Template->template(Array, Array, true)
#24 C:\Users\britt\Local Sites\sitecaredev\app\public\wp-content\plugins\event-tickets-plus\src\Tribe\Commerce\WooCommerce\Main.php(2027): Tribe__Tickets__Tickets_View->get_tickets_block(Object(WP_Post))
#25 C:\Users\britt\Local Sites\sitecaredev\app\public\wp-content\plugins\event-tickets\src\Tribe\Tickets.php(1348): Tribe__Tickets_Plus__Commerce__WooCommerce__Main->front_end_tickets_form('')
#26 C:\Users\britt\Local Sites\sitecaredev\app\public\wp-includes\class-wp-hook.php(324): Tribe__Tickets__Tickets->maybe_add_front_end_tickets_form('')
#27 C:\Users\britt\Local Sites\sitecaredev\app\public\wp-includes\class-wp-hook.php(348): WP_Hook->apply_filters(NULL, Array)
#28 C:\Users\britt\Local Sites\sitecaredev\app\public\wp-includes\plugin.php(517): WP_Hook->do_action(Array)
#29 C:\Users\britt\Local Sites\sitecaredev\app\public\wp-content\plugins\the-events-calendar\src\views\single-event.php(122): do_action('tribe_events_si...')
#30 C:\Users\britt\Local Sites\sitecaredev\app\public\wp-content\plugins\the-events-calendar\src\functions\template-tags\general.php(42): include('C:\\Users\\britt\\...')
#31 C:\Users\britt\Local Sites\sitecaredev\app\public\wp-content\plugins\the-events-calendar\src\Tribe\Views\V2\Template_Bootstrap.php(207): tribe_get_view('single-event')
#32 C:\Users\britt\Local Sites\sitecaredev\app\public\wp-content\plugins\the-events-calendar\src\Tribe\Views\V2\Template_Bootstrap.php(285): Tribe\Events\Views\V2\Template_Bootstrap->get_v1_single_event_html()
#33 C:\Users\britt\Local Sites\sitecaredev\app\public\wp-content\plugins\the-events-calendar\src\views\v2\default-template.php(19): Tribe\Events\Views\V2\Template_Bootstrap->get_view_html()
#34 C:\Users\britt\Local Sites\sitecaredev\app\public\wp-includes\template-loader.php(106): include('C:\\Users\\britt\\...')
#35 C:\Users\britt\Local Sites\sitecaredev\app\public\wp-blog-header.php(19): require_once('C:\\Users\\britt\\...')
#36 C:\Users\britt\Local Sites\sitecaredev\app\public\index.php(17): require('C:\\Users\\britt\\...')
#37 {main}
  thrown in C:\Users\britt\Local Sites\sitecaredev\app\public\wp-content\themes\divinonprofit\tribe\tickets-plus\v2\modal\attendee-registration.php on line 66
[24-Jul-2025 18:23:20 UTC] PHP Fatal error:  Uncaught Error: Object of class Tribe__Tickets_Plus__Meta__Render could not be converted to string in C:\Users\britt\Local Sites\sitecaredev\app\public\wp-content\themes\divinonprofit\tribe\tickets-plus\v2\modal\attendee-registration.php:66
Stack trace:
#0 C:\Users\britt\Local Sites\sitecaredev\app\public\wp-content\plugins\event-tickets\common\src\Tribe\Template.php(1069): include()
#1 C:\Users\britt\Local Sites\sitecaredev\app\public\wp-content\plugins\event-tickets\common\src\Tribe\Template.php(919): Tribe__Template->template_safe_include(NULL)
#2 C:\Users\britt\Local Sites\sitecaredev\app\public\wp-content\plugins\event-tickets-plus\src\views\v2\modal\form.php(40): Tribe__Template->template(Array)
#3 C:\Users\britt\Local Sites\sitecaredev\app\public\wp-content\plugins\event-tickets\common\src\Tribe\Template.php(1069): include('C:\\Users\\britt\\...')
#4 C:\Users\britt\Local Sites\sitecaredev\app\public\wp-content\plugins\event-tickets\common\src\Tribe\Template.php(919): Tribe__Template->template_safe_include(NULL)
#5 C:\Users\britt\Local Sites\sitecaredev\app\public\wp-content\plugins\event-tickets-plus\src\views\v2\tickets\submit\button-modal.php(95): Tribe__Template->template(Array, Array, false)
#6 C:\Users\britt\Local Sites\sitecaredev\app\public\wp-content\plugins\event-tickets\common\src\Tribe\Template.php(1069): include('C:\\Users\\britt\\...')
#7 C:\Users\britt\Local Sites\sitecaredev\app\public\wp-content\plugins\event-tickets\common\src\Tribe\Template.php(919): Tribe__Template->template_safe_include(NULL)
#8 C:\Users\britt\Local Sites\sitecaredev\app\public\wp-content\plugins\event-tickets-plus\src\Tribe\Attendee_Registration\Modal.php(165): Tribe__Template->template(Array)
#9 C:\Users\britt\Local Sites\sitecaredev\app\public\wp-includes\class-wp-hook.php(324): Tribe\Tickets\Plus\Attendee_Registration\Modal->render_modal_submit_button('C:\\Users\\britt\\...', Array, Object(Tribe__Tickets__Editor__Template))
#10 C:\Users\britt\Local Sites\sitecaredev\app\public\wp-includes\class-wp-hook.php(348): WP_Hook->apply_filters('', Array)
#11 C:\Users\britt\Local Sites\sitecaredev\app\public\wp-includes\plugin.php(517): WP_Hook->do_action(Array)
#12 C:\Users\britt\Local Sites\sitecaredev\app\public\wp-content\plugins\event-tickets\common\src\Tribe\Template.php(1446): do_action('tribe_template_...', 'C:\\Users\\britt\\...', Array, Object(Tribe__Tickets__Editor__Template))
#13 C:\Users\britt\Local Sites\sitecaredev\app\public\wp-content\plugins\event-tickets\common\src\Tribe\Template.php(916): Tribe__Template->actions_before_template('C:\\Users\\britt\\...', Array, 'tickets/v2/tick...')
#14 C:\Users\britt\Local Sites\sitecaredev\app\public\wp-content\plugins\event-tickets\src\views\v2\tickets\submit.php(46): Tribe__Template->template(Array)
#15 C:\Users\britt\Local Sites\sitecaredev\app\public\wp-content\plugins\event-tickets\common\src\Tribe\Template.php(1069): include('C:\\Users\\britt\\...')
#16 C:\Users\britt\Local Sites\sitecaredev\app\public\wp-content\plugins\event-tickets\common\src\Tribe\Template.php(919): Tribe__Template->template_safe_include(NULL)
#17 C:\Users\britt\Local Sites\sitecaredev\app\public\wp-content\plugins\event-tickets\src\views\v2\tickets\footer.php(54): Tribe__Template->template(Array)
#18 C:\Users\britt\Local Sites\sitecaredev\app\public\wp-content\plugins\event-tickets\common\src\Tribe\Template.php(1069): include('C:\\Users\\britt\\...')
#19 C:\Users\britt\Local Sites\sitecaredev\app\public\wp-content\plugins\event-tickets\common\src\Tribe\Template.php(919): Tribe__Template->template_safe_include(NULL)
#20 C:\Users\britt\Local Sites\sitecaredev\app\public\wp-content\plugins\event-tickets\src\views\v2\tickets.php(77): Tribe__Template->template(Array)
#21 C:\Users\britt\Local Sites\sitecaredev\app\public\wp-content\plugins\event-tickets\common\src\Tribe\Template.php(1069): include('C:\\Users\\britt\\...')
#22 C:\Users\britt\Local Sites\sitecaredev\app\public\wp-content\plugins\event-tickets\common\src\Tribe\Template.php(919): Tribe__Template->template_safe_include(NULL)
#23 C:\Users\britt\Local Sites\sitecaredev\app\public\wp-content\plugins\event-tickets\src\Tribe\Tickets_View.php(1194): Tribe__Template->template(Array, Array, true)
#24 C:\Users\britt\Local Sites\sitecaredev\app\public\wp-content\plugins\event-tickets-plus\src\Tribe\Commerce\WooCommerce\Main.php(2027): Tribe__Tickets__Tickets_View->get_tickets_block(Object(WP_Post))
#25 C:\Users\britt\Local Sites\sitecaredev\app\public\wp-content\plugins\event-tickets\src\Tribe\Tickets.php(1348): Tribe__Tickets_Plus__Commerce__WooCommerce__Main->front_end_tickets_form('')
#26 C:\Users\britt\Local Sites\sitecaredev\app\public\wp-includes\class-wp-hook.php(324): Tribe__Tickets__Tickets->maybe_add_front_end_tickets_form('')
#27 C:\Users\britt\Local Sites\sitecaredev\app\public\wp-includes\class-wp-hook.php(348): WP_Hook->apply_filters(NULL, Array)
#28 C:\Users\britt\Local Sites\sitecaredev\app\public\wp-includes\plugin.php(517): WP_Hook->do_action(Array)
#29 C:\Users\britt\Local Sites\sitecaredev\app\public\wp-content\plugins\the-events-calendar\src\views\single-event.php(122): do_action('tribe_events_si...')
#30 C:\Users\britt\Local Sites\sitecaredev\app\public\wp-content\plugins\the-events-calendar\src\functions\template-tags\general.php(42): include('C:\\Users\\britt\\...')
#31 C:\Users\britt\Local Sites\sitecaredev\app\public\wp-content\plugins\the-events-calendar\src\Tribe\Views\V2\Template_Bootstrap.php(207): tribe_get_view('single-event')
#32 C:\Users\britt\Local Sites\sitecaredev\app\public\wp-content\plugins\the-events-calendar\src\Tribe\Views\V2\Template_Bootstrap.php(285): Tribe\Events\Views\V2\Template_Bootstrap->get_v1_single_event_html()
#33 C:\Users\britt\Local Sites\sitecaredev\app\public\wp-content\plugins\the-events-calendar\src\views\v2\default-template.php(19): Tribe\Events\Views\V2\Template_Bootstrap->get_view_html()
#34 C:\Users\britt\Local Sites\sitecaredev\app\public\wp-includes\template-loader.php(106): include('C:\\Users\\britt\\...')
#35 C:\Users\britt\Local Sites\sitecaredev\app\public\wp-blog-header.php(19): require_once('C:\\Users\\britt\\...')
#36 C:\Users\britt\Local Sites\sitecaredev\app\public\index.php(17): require('C:\\Users\\britt\\...')
#37 {main}
  thrown in C:\Users\britt\Local Sites\sitecaredev\app\public\wp-content\themes\divinonprofit\tribe\tickets-plus\v2\modal\attendee-registration.php on line 66
[24-Jul-2025 18:41:46 UTC] PHP Fatal error:  Uncaught Error: Call to undefined method Tribe__Tickets_Plus__Meta__Render::render() in C:\Users\britt\Local Sites\sitecaredev\app\public\wp-content\themes\divinonprofit\tribe\tickets-plus\v2\modal\attendee-registration.php:73
Stack trace:
#0 C:\Users\britt\Local Sites\sitecaredev\app\public\wp-content\plugins\event-tickets\common\src\Tribe\Template.php(1069): include()
#1 C:\Users\britt\Local Sites\sitecaredev\app\public\wp-content\plugins\event-tickets\common\src\Tribe\Template.php(919): Tribe__Template->template_safe_include(NULL)
#2 C:\Users\britt\Local Sites\sitecaredev\app\public\wp-content\plugins\event-tickets-plus\src\views\v2\modal\form.php(40): Tribe__Template->template(Array)
#3 C:\Users\britt\Local Sites\sitecaredev\app\public\wp-content\plugins\event-tickets\common\src\Tribe\Template.php(1069): include('C:\\Users\\britt\\...')
#4 C:\Users\britt\Local Sites\sitecaredev\app\public\wp-content\plugins\event-tickets\common\src\Tribe\Template.php(919): Tribe__Template->template_safe_include(NULL)
#5 C:\Users\britt\Local Sites\sitecaredev\app\public\wp-content\plugins\event-tickets-plus\src\views\v2\tickets\submit\button-modal.php(95): Tribe__Template->template(Array, Array, false)
#6 C:\Users\britt\Local Sites\sitecaredev\app\public\wp-content\plugins\event-tickets\common\src\Tribe\Template.php(1069): include('C:\\Users\\britt\\...')
#7 C:\Users\britt\Local Sites\sitecaredev\app\public\wp-content\plugins\event-tickets\common\src\Tribe\Template.php(919): Tribe__Template->template_safe_include(NULL)
#8 C:\Users\britt\Local Sites\sitecaredev\app\public\wp-content\plugins\event-tickets-plus\src\Tribe\Attendee_Registration\Modal.php(165): Tribe__Template->template(Array)
#9 C:\Users\britt\Local Sites\sitecaredev\app\public\wp-includes\class-wp-hook.php(324): Tribe\Tickets\Plus\Attendee_Registration\Modal->render_modal_submit_button('C:\\Users\\britt\\...', Array, Object(Tribe__Tickets__Editor__Template))
#10 C:\Users\britt\Local Sites\sitecaredev\app\public\wp-includes\class-wp-hook.php(348): WP_Hook->apply_filters('', Array)
#11 C:\Users\britt\Local Sites\sitecaredev\app\public\wp-includes\plugin.php(517): WP_Hook->do_action(Array)
#12 C:\Users\britt\Local Sites\sitecaredev\app\public\wp-content\plugins\event-tickets\common\src\Tribe\Template.php(1446): do_action('tribe_template_...', 'C:\\Users\\britt\\...', Array, Object(Tribe__Tickets__Editor__Template))
#13 C:\Users\britt\Local Sites\sitecaredev\app\public\wp-content\plugins\event-tickets\common\src\Tribe\Template.php(916): Tribe__Template->actions_before_template('C:\\Users\\britt\\...', Array, 'tickets/v2/tick...')
#14 C:\Users\britt\Local Sites\sitecaredev\app\public\wp-content\plugins\event-tickets\src\views\v2\tickets\submit.php(46): Tribe__Template->template(Array)
#15 C:\Users\britt\Local Sites\sitecaredev\app\public\wp-content\plugins\event-tickets\common\src\Tribe\Template.php(1069): include('C:\\Users\\britt\\...')
#16 C:\Users\britt\Local Sites\sitecaredev\app\public\wp-content\plugins\event-tickets\common\src\Tribe\Template.php(919): Tribe__Template->template_safe_include(NULL)
#17 C:\Users\britt\Local Sites\sitecaredev\app\public\wp-content\plugins\event-tickets\src\views\v2\tickets\footer.php(54): Tribe__Template->template(Array)
#18 C:\Users\britt\Local Sites\sitecaredev\app\public\wp-content\plugins\event-tickets\common\src\Tribe\Template.php(1069): include('C:\\Users\\britt\\...')
#19 C:\Users\britt\Local Sites\sitecaredev\app\public\wp-content\plugins\event-tickets\common\src\Tribe\Template.php(919): Tribe__Template->template_safe_include(NULL)
#20 C:\Users\britt\Local Sites\sitecaredev\app\public\wp-content\plugins\event-tickets\src\views\v2\tickets.php(77): Tribe__Template->template(Array)
#21 C:\Users\britt\Local Sites\sitecaredev\app\public\wp-content\plugins\event-tickets\common\src\Tribe\Template.php(1069): include('C:\\Users\\britt\\...')
#22 C:\Users\britt\Local Sites\sitecaredev\app\public\wp-content\plugins\event-tickets\common\src\Tribe\Template.php(919): Tribe__Template->template_safe_include(NULL)
#23 C:\Users\britt\Local Sites\sitecaredev\app\public\wp-content\plugins\event-tickets\src\Tribe\Tickets_View.php(1194): Tribe__Template->template(Array, Array, true)
#24 C:\Users\britt\Local Sites\sitecaredev\app\public\wp-content\plugins\event-tickets-plus\src\Tribe\Commerce\WooCommerce\Main.php(2027): Tribe__Tickets__Tickets_View->get_tickets_block(Object(WP_Post))
#25 C:\Users\britt\Local Sites\sitecaredev\app\public\wp-content\plugins\event-tickets\src\Tribe\Tickets.php(1348): Tribe__Tickets_Plus__Commerce__WooCommerce__Main->front_end_tickets_form('')
#26 C:\Users\britt\Local Sites\sitecaredev\app\public\wp-includes\class-wp-hook.php(324): Tribe__Tickets__Tickets->maybe_add_front_end_tickets_form('')
#27 C:\Users\britt\Local Sites\sitecaredev\app\public\wp-includes\class-wp-hook.php(348): WP_Hook->apply_filters(NULL, Array)
#28 C:\Users\britt\Local Sites\sitecaredev\app\public\wp-includes\plugin.php(517): WP_Hook->do_action(Array)
#29 C:\Users\britt\Local Sites\sitecaredev\app\public\wp-content\plugins\the-events-calendar\src\views\single-event.php(122): do_action('tribe_events_si...')
#30 C:\Users\britt\Local Sites\sitecaredev\app\public\wp-content\plugins\the-events-calendar\src\functions\template-tags\general.php(42): include('C:\\Users\\britt\\...')
#31 C:\Users\britt\Local Sites\sitecaredev\app\public\wp-content\plugins\the-events-calendar\src\Tribe\Views\V2\Template_Bootstrap.php(207): tribe_get_view('single-event')
#32 C:\Users\britt\Local Sites\sitecaredev\app\public\wp-content\plugins\the-events-calendar\src\Tribe\Views\V2\Template_Bootstrap.php(285): Tribe\Events\Views\V2\Template_Bootstrap->get_v1_single_event_html()
#33 C:\Users\britt\Local Sites\sitecaredev\app\public\wp-content\plugins\the-events-calendar\src\views\v2\default-template.php(19): Tribe\Events\Views\V2\Template_Bootstrap->get_view_html()
#34 C:\Users\britt\Local Sites\sitecaredev\app\public\wp-includes\template-loader.php(106): include('C:\\Users\\britt\\...')
#35 C:\Users\britt\Local Sites\sitecaredev\app\public\wp-blog-header.php(19): require_once('C:\\Users\\britt\\...')
#36 C:\Users\britt\Local Sites\sitecaredev\app\public\index.php(17): require('C:\\Users\\britt\\...')
#37 {main}
  thrown in C:\Users\britt\Local Sites\sitecaredev\app\public\wp-content\themes\divinonprofit\tribe\tickets-plus\v2\modal\attendee-registration.php on line 73
[25-Jul-2025 12:15:59 UTC] PHP Fatal error:  Uncaught Error: Object of class Tribe__Tickets_Plus__Meta__Render could not be converted to string in C:\Users\britt\Local Sites\sitecaredev\app\public\wp-content\themes\divinonprofit\tribe\tickets-plus\v2\modal\attendee-registration.php:74
Stack trace:
#0 C:\Users\britt\Local Sites\sitecaredev\app\public\wp-content\plugins\event-tickets\common\src\Tribe\Template.php(1069): include()
#1 C:\Users\britt\Local Sites\sitecaredev\app\public\wp-content\plugins\event-tickets\common\src\Tribe\Template.php(919): Tribe__Template->template_safe_include(NULL)
#2 C:\Users\britt\Local Sites\sitecaredev\app\public\wp-content\plugins\event-tickets-plus\src\views\v2\modal\form.php(40): Tribe__Template->template(Array)
#3 C:\Users\britt\Local Sites\sitecaredev\app\public\wp-content\plugins\event-tickets\common\src\Tribe\Template.php(1069): include('C:\\Users\\britt\\...')
#4 C:\Users\britt\Local Sites\sitecaredev\app\public\wp-content\plugins\event-tickets\common\src\Tribe\Template.php(919): Tribe__Template->template_safe_include(NULL)
#5 C:\Users\britt\Local Sites\sitecaredev\app\public\wp-content\plugins\event-tickets-plus\src\views\v2\tickets\submit\button-modal.php(95): Tribe__Template->template(Array, Array, false)
#6 C:\Users\britt\Local Sites\sitecaredev\app\public\wp-content\plugins\event-tickets\common\src\Tribe\Template.php(1069): include('C:\\Users\\britt\\...')
#7 C:\Users\britt\Local Sites\sitecaredev\app\public\wp-content\plugins\event-tickets\common\src\Tribe\Template.php(919): Tribe__Template->template_safe_include(NULL)
#8 C:\Users\britt\Local Sites\sitecaredev\app\public\wp-content\plugins\event-tickets-plus\src\Tribe\Attendee_Registration\Modal.php(165): Tribe__Template->template(Array)
#9 C:\Users\britt\Local Sites\sitecaredev\app\public\wp-includes\class-wp-hook.php(324): Tribe\Tickets\Plus\Attendee_Registration\Modal->render_modal_submit_button('C:\\Users\\britt\\...', Array, Object(Tribe__Tickets__Editor__Template))
#10 C:\Users\britt\Local Sites\sitecaredev\app\public\wp-includes\class-wp-hook.php(348): WP_Hook->apply_filters('', Array)
#11 C:\Users\britt\Local Sites\sitecaredev\app\public\wp-includes\plugin.php(517): WP_Hook->do_action(Array)
#12 C:\Users\britt\Local Sites\sitecaredev\app\public\wp-content\plugins\event-tickets\common\src\Tribe\Template.php(1446): do_action('tribe_template_...', 'C:\\Users\\britt\\...', Array, Object(Tribe__Tickets__Editor__Template))
#13 C:\Users\britt\Local Sites\sitecaredev\app\public\wp-content\plugins\event-tickets\common\src\Tribe\Template.php(916): Tribe__Template->actions_before_template('C:\\Users\\britt\\...', Array, 'tickets/v2/tick...')
#14 C:\Users\britt\Local Sites\sitecaredev\app\public\wp-content\plugins\event-tickets\src\views\v2\tickets\submit.php(46): Tribe__Template->template(Array)
#15 C:\Users\britt\Local Sites\sitecaredev\app\public\wp-content\plugins\event-tickets\common\src\Tribe\Template.php(1069): include('C:\\Users\\britt\\...')
#16 C:\Users\britt\Local Sites\sitecaredev\app\public\wp-content\plugins\event-tickets\common\src\Tribe\Template.php(919): Tribe__Template->template_safe_include(NULL)
#17 C:\Users\britt\Local Sites\sitecaredev\app\public\wp-content\plugins\event-tickets\src\views\v2\tickets\footer.php(54): Tribe__Template->template(Array)
#18 C:\Users\britt\Local Sites\sitecaredev\app\public\wp-content\plugins\event-tickets\common\src\Tribe\Template.php(1069): include('C:\\Users\\britt\\...')
#19 C:\Users\britt\Local Sites\sitecaredev\app\public\wp-content\plugins\event-tickets\common\src\Tribe\Template.php(919): Tribe__Template->template_safe_include(NULL)
#20 C:\Users\britt\Local Sites\sitecaredev\app\public\wp-content\plugins\event-tickets\src\views\v2\tickets.php(77): Tribe__Template->template(Array)
#21 C:\Users\britt\Local Sites\sitecaredev\app\public\wp-content\plugins\event-tickets\common\src\Tribe\Template.php(1069): include('C:\\Users\\britt\\...')
#22 C:\Users\britt\Local Sites\sitecaredev\app\public\wp-content\plugins\event-tickets\common\src\Tribe\Template.php(919): Tribe__Template->template_safe_include(NULL)
#23 C:\Users\britt\Local Sites\sitecaredev\app\public\wp-content\plugins\event-tickets\src\Tribe\Tickets_View.php(1194): Tribe__Template->template(Array, Array, true)
#24 C:\Users\britt\Local Sites\sitecaredev\app\public\wp-content\plugins\event-tickets-plus\src\Tribe\Commerce\WooCommerce\Main.php(2027): Tribe__Tickets__Tickets_View->get_tickets_block(Object(WP_Post))
#25 C:\Users\britt\Local Sites\sitecaredev\app\public\wp-content\plugins\event-tickets\src\Tribe\Tickets.php(1348): Tribe__Tickets_Plus__Commerce__WooCommerce__Main->front_end_tickets_form('')
#26 C:\Users\britt\Local Sites\sitecaredev\app\public\wp-includes\class-wp-hook.php(324): Tribe__Tickets__Tickets->maybe_add_front_end_tickets_form('')
#27 C:\Users\britt\Local Sites\sitecaredev\app\public\wp-includes\class-wp-hook.php(348): WP_Hook->apply_filters(NULL, Array)
#28 C:\Users\britt\Local Sites\sitecaredev\app\public\wp-includes\plugin.php(517): WP_Hook->do_action(Array)
#29 C:\Users\britt\Local Sites\sitecaredev\app\public\wp-content\plugins\the-events-calendar\src\views\single-event.php(122): do_action('tribe_events_si...')
#30 C:\Users\britt\Local Sites\sitecaredev\app\public\wp-content\plugins\the-events-calendar\src\functions\template-tags\general.php(42): include('C:\\Users\\britt\\...')
#31 C:\Users\britt\Local Sites\sitecaredev\app\public\wp-content\plugins\the-events-calendar\src\Tribe\Views\V2\Template_Bootstrap.php(207): tribe_get_view('single-event')
#32 C:\Users\britt\Local Sites\sitecaredev\app\public\wp-content\plugins\the-events-calendar\src\Tribe\Views\V2\Template_Bootstrap.php(285): Tribe\Events\Views\V2\Template_Bootstrap->get_v1_single_event_html()
#33 C:\Users\britt\Local Sites\sitecaredev\app\public\wp-content\plugins\the-events-calendar\src\views\v2\default-template.php(19): Tribe\Events\Views\V2\Template_Bootstrap->get_view_html()
#34 C:\Users\britt\Local Sites\sitecaredev\app\public\wp-includes\template-loader.php(106): include('C:\\Users\\britt\\...')
#35 C:\Users\britt\Local Sites\sitecaredev\app\public\wp-blog-header.php(19): require_once('C:\\Users\\britt\\...')
#36 C:\Users\britt\Local Sites\sitecaredev\app\public\index.php(17): require('C:\\Users\\britt\\...')
#37 {main}
  thrown in C:\Users\britt\Local Sites\sitecaredev\app\public\wp-content\themes\divinonprofit\tribe\tickets-plus\v2\modal\attendee-registration.php on line 74
[25-Jul-2025 12:17:20 UTC] PHP Fatal error:  Uncaught Error: Object of class Tribe__Tickets_Plus__Meta__Render could not be converted to string in C:\Users\britt\Local Sites\sitecaredev\app\public\wp-content\themes\divinonprofit\tribe\tickets-plus\v2\modal\attendee-registration.php:74
Stack trace:
#0 C:\Users\britt\Local Sites\sitecaredev\app\public\wp-content\plugins\event-tickets\common\src\Tribe\Template.php(1069): include()
#1 C:\Users\britt\Local Sites\sitecaredev\app\public\wp-content\plugins\event-tickets\common\src\Tribe\Template.php(919): Tribe__Template->template_safe_include(NULL)
#2 C:\Users\britt\Local Sites\sitecaredev\app\public\wp-content\plugins\event-tickets-plus\src\views\v2\modal\form.php(40): Tribe__Template->template(Array)
#3 C:\Users\britt\Local Sites\sitecaredev\app\public\wp-content\plugins\event-tickets\common\src\Tribe\Template.php(1069): include('C:\\Users\\britt\\...')
#4 C:\Users\britt\Local Sites\sitecaredev\app\public\wp-content\plugins\event-tickets\common\src\Tribe\Template.php(919): Tribe__Template->template_safe_include(NULL)
#5 C:\Users\britt\Local Sites\sitecaredev\app\public\wp-content\plugins\event-tickets-plus\src\views\v2\tickets\submit\button-modal.php(95): Tribe__Template->template(Array, Array, false)
#6 C:\Users\britt\Local Sites\sitecaredev\app\public\wp-content\plugins\event-tickets\common\src\Tribe\Template.php(1069): include('C:\\Users\\britt\\...')
#7 C:\Users\britt\Local Sites\sitecaredev\app\public\wp-content\plugins\event-tickets\common\src\Tribe\Template.php(919): Tribe__Template->template_safe_include(NULL)
#8 C:\Users\britt\Local Sites\sitecaredev\app\public\wp-content\plugins\event-tickets-plus\src\Tribe\Attendee_Registration\Modal.php(165): Tribe__Template->template(Array)
#9 C:\Users\britt\Local Sites\sitecaredev\app\public\wp-includes\class-wp-hook.php(324): Tribe\Tickets\Plus\Attendee_Registration\Modal->render_modal_submit_button('C:\\Users\\britt\\...', Array, Object(Tribe__Tickets__Editor__Template))
#10 C:\Users\britt\Local Sites\sitecaredev\app\public\wp-includes\class-wp-hook.php(348): WP_Hook->apply_filters('', Array)
#11 C:\Users\britt\Local Sites\sitecaredev\app\public\wp-includes\plugin.php(517): WP_Hook->do_action(Array)
#12 C:\Users\britt\Local Sites\sitecaredev\app\public\wp-content\plugins\event-tickets\common\src\Tribe\Template.php(1446): do_action('tribe_template_...', 'C:\\Users\\britt\\...', Array, Object(Tribe__Tickets__Editor__Template))
#13 C:\Users\britt\Local Sites\sitecaredev\app\public\wp-content\plugins\event-tickets\common\src\Tribe\Template.php(916): Tribe__Template->actions_before_template('C:\\Users\\britt\\...', Array, 'tickets/v2/tick...')
#14 C:\Users\britt\Local Sites\sitecaredev\app\public\wp-content\plugins\event-tickets\src\views\v2\tickets\submit.php(46): Tribe__Template->template(Array)
#15 C:\Users\britt\Local Sites\sitecaredev\app\public\wp-content\plugins\event-tickets\common\src\Tribe\Template.php(1069): include('C:\\Users\\britt\\...')
#16 C:\Users\britt\Local Sites\sitecaredev\app\public\wp-content\plugins\event-tickets\common\src\Tribe\Template.php(919): Tribe__Template->template_safe_include(NULL)
#17 C:\Users\britt\Local Sites\sitecaredev\app\public\wp-content\plugins\event-tickets\src\views\v2\tickets\footer.php(54): Tribe__Template->template(Array)
#18 C:\Users\britt\Local Sites\sitecaredev\app\public\wp-content\plugins\event-tickets\common\src\Tribe\Template.php(1069): include('C:\\Users\\britt\\...')
#19 C:\Users\britt\Local Sites\sitecaredev\app\public\wp-content\plugins\event-tickets\common\src\Tribe\Template.php(919): Tribe__Template->template_safe_include(NULL)
#20 C:\Users\britt\Local Sites\sitecaredev\app\public\wp-content\plugins\event-tickets\src\views\v2\tickets.php(77): Tribe__Template->template(Array)
#21 C:\Users\britt\Local Sites\sitecaredev\app\public\wp-content\plugins\event-tickets\common\src\Tribe\Template.php(1069): include('C:\\Users\\britt\\...')
#22 C:\Users\britt\Local Sites\sitecaredev\app\public\wp-content\plugins\event-tickets\common\src\Tribe\Template.php(919): Tribe__Template->template_safe_include(NULL)
#23 C:\Users\britt\Local Sites\sitecaredev\app\public\wp-content\plugins\event-tickets\src\Tribe\Tickets_View.php(1194): Tribe__Template->template(Array, Array, true)
#24 C:\Users\britt\Local Sites\sitecaredev\app\public\wp-content\plugins\event-tickets-plus\src\Tribe\Commerce\WooCommerce\Main.php(2027): Tribe__Tickets__Tickets_View->get_tickets_block(Object(WP_Post))
#25 C:\Users\britt\Local Sites\sitecaredev\app\public\wp-content\plugins\event-tickets\src\Tribe\Tickets.php(1348): Tribe__Tickets_Plus__Commerce__WooCommerce__Main->front_end_tickets_form('')
#26 C:\Users\britt\Local Sites\sitecaredev\app\public\wp-includes\class-wp-hook.php(324): Tribe__Tickets__Tickets->maybe_add_front_end_tickets_form('')
#27 C:\Users\britt\Local Sites\sitecaredev\app\public\wp-includes\class-wp-hook.php(348): WP_Hook->apply_filters(NULL, Array)
#28 C:\Users\britt\Local Sites\sitecaredev\app\public\wp-includes\plugin.php(517): WP_Hook->do_action(Array)
#29 C:\Users\britt\Local Sites\sitecaredev\app\public\wp-content\plugins\the-events-calendar\src\views\single-event.php(122): do_action('tribe_events_si...')
#30 C:\Users\britt\Local Sites\sitecaredev\app\public\wp-content\plugins\the-events-calendar\src\functions\template-tags\general.php(42): include('C:\\Users\\britt\\...')
#31 C:\Users\britt\Local Sites\sitecaredev\app\public\wp-content\plugins\the-events-calendar\src\Tribe\Views\V2\Template_Bootstrap.php(207): tribe_get_view('single-event')
#32 C:\Users\britt\Local Sites\sitecaredev\app\public\wp-content\plugins\the-events-calendar\src\Tribe\Views\V2\Template_Bootstrap.php(285): Tribe\Events\Views\V2\Template_Bootstrap->get_v1_single_event_html()
#33 C:\Users\britt\Local Sites\sitecaredev\app\public\wp-content\plugins\the-events-calendar\src\views\v2\default-template.php(19): Tribe\Events\Views\V2\Template_Bootstrap->get_view_html()
#34 C:\Users\britt\Local Sites\sitecaredev\app\public\wp-includes\template-loader.php(106): include('C:\\Users\\britt\\...')
#35 C:\Users\britt\Local Sites\sitecaredev\app\public\wp-blog-header.php(19): require_once('C:\\Users\\britt\\...')
#36 C:\Users\britt\Local Sites\sitecaredev\app\public\index.php(17): require('C:\\Users\\britt\\...')
#37 {main}
  thrown in C:\Users\britt\Local Sites\sitecaredev\app\public\wp-content\themes\divinonprofit\tribe\tickets-plus\v2\modal\attendee-registration.php on line 74
[25-Jul-2025 12:45:52 UTC] WordPress database error You have an error in your SQL syntax; check the manual that corresponds to your MySQL server version for the right syntax to use near ')) 
					 GROUP BY wp_posts.ID
					 
					 LIMIT 0, 50' at line 4 for query SELECT SQL_CALC_FOUND_ROWS  wp_posts.ID
					 FROM wp_posts 
JOIN wp_postmeta meta_in_1 ON wp_posts.ID = meta_in_1.post_id 
					 WHERE 1=1  AND wp_posts.post_type IN ('download', 'product', 'tec_tc_ticket', 'tribe_rsvp_tickets', 'tribe_tpp_tickets') AND ((wp_posts.post_status = 'publish' OR wp_posts.post_status = 'private')) AND (meta_in_1.meta_key IN ('_tribe_rsvp_for_event','_tribe_tpp_for_event','_tec_tickets_commerce_event','_tribe_eddticket_for_event','_tribe_wooticket_for_event') AND meta_in_1.meta_value IN ()) 
					 GROUP BY wp_posts.ID
					 
					 LIMIT 0, 50 made by do_action('customize_controls_print_footer_scripts'), WP_Hook->do_action, WP_Hook->apply_filters, WP_Customize_Widgets->print_footer_scripts, do_action('admin_print_footer_scripts'), WP_Hook->do_action, WP_Hook->apply_filters, _wp_footer_scripts, print_footer_scripts, WP_Scripts->do_footer_items, WP_Dependencies->do_items, WP_Scripts->do_item, apply_filters('script_loader_tag'), WP_Hook->apply_filters, TEC\Common\StellarWP\Assets\Assets->filter_add_localization_data, TEC\Tickets\Seating\Editor->get_store_data, Tribe__Repository->get_ids_generator, Tribe__Repository->get_ids, WP_Query->get_posts
[25-Jul-2025 12:45:53 UTC] tribe-canonical-line channel=default level=error source="TEC\Tickets\Seating\Service\Updater::store_fetched_data" code=401
[25-Jul-2025 13:36:13 UTC] PHP Warning:  Attempt to read property "priority" on string in C:\Users\britt\Local Sites\sitecaredev\app\public\wp-content\plugins\event-tickets\common\src\functions\utils.php on line 406
[25-Jul-2025 13:36:13 UTC] PHP Warning:  Attempt to read property "priority" on string in C:\Users\britt\Local Sites\sitecaredev\app\public\wp-content\plugins\event-tickets\common\src\functions\utils.php on line 406
[25-Jul-2025 13:36:13 UTC] PHP Warning:  Attempt to read property "priority" on string in C:\Users\britt\Local Sites\sitecaredev\app\public\wp-content\plugins\event-tickets\common\src\functions\utils.php on line 406
[25-Jul-2025 13:36:13 UTC] PHP Warning:  Attempt to read property "priority" on string in C:\Users\britt\Local Sites\sitecaredev\app\public\wp-content\plugins\event-tickets\common\src\functions\utils.php on line 406
[25-Jul-2025 13:36:13 UTC] PHP Warning:  Attempt to read property "priority" on string in C:\Users\britt\Local Sites\sitecaredev\app\public\wp-content\plugins\event-tickets\common\src\functions\utils.php on line 406
[25-Jul-2025 13:36:13 UTC] PHP Warning:  Attempt to read property "priority" on string in C:\Users\britt\Local Sites\sitecaredev\app\public\wp-content\plugins\event-tickets\common\src\functions\utils.php on line 406
[25-Jul-2025 13:36:13 UTC] PHP Warning:  Attempt to read property "priority" on string in C:\Users\britt\Local Sites\sitecaredev\app\public\wp-content\plugins\event-tickets\common\src\functions\utils.php on line 406
[25-Jul-2025 13:36:13 UTC] PHP Warning:  Attempt to read property "priority" on string in C:\Users\britt\Local Sites\sitecaredev\app\public\wp-content\plugins\event-tickets\common\src\functions\utils.php on line 406
[25-Jul-2025 13:36:13 UTC] PHP Warning:  Attempt to read property "priority" on string in C:\Users\britt\Local Sites\sitecaredev\app\public\wp-content\plugins\event-tickets\common\src\functions\utils.php on line 406
[25-Jul-2025 13:36:13 UTC] PHP Warning:  Attempt to read property "priority" on string in C:\Users\britt\Local Sites\sitecaredev\app\public\wp-content\plugins\event-tickets\common\src\functions\utils.php on line 406
[25-Jul-2025 13:36:13 UTC] PHP Warning:  Attempt to read property "priority" on string in C:\Users\britt\Local Sites\sitecaredev\app\public\wp-content\plugins\event-tickets\common\src\functions\utils.php on line 406
[25-Jul-2025 13:36:13 UTC] PHP Warning:  Attempt to read property "priority" on string in C:\Users\britt\Local Sites\sitecaredev\app\public\wp-content\plugins\event-tickets\common\src\functions\utils.php on line 406
[25-Jul-2025 13:36:13 UTC] PHP Warning:  Attempt to read property "priority" on string in C:\Users\britt\Local Sites\sitecaredev\app\public\wp-content\plugins\event-tickets\common\src\functions\utils.php on line 406
[25-Jul-2025 13:36:13 UTC] PHP Warning:  Attempt to read property "priority" on string in C:\Users\britt\Local Sites\sitecaredev\app\public\wp-content\plugins\event-tickets\common\src\functions\utils.php on line 406
[25-Jul-2025 13:36:13 UTC] PHP Warning:  Attempt to read property "priority" on string in C:\Users\britt\Local Sites\sitecaredev\app\public\wp-content\plugins\event-tickets\common\src\functions\utils.php on line 406
[25-Jul-2025 13:36:13 UTC] PHP Warning:  Attempt to read property "priority" on string in C:\Users\britt\Local Sites\sitecaredev\app\public\wp-content\plugins\event-tickets\common\src\functions\utils.php on line 406
[25-Jul-2025 13:36:13 UTC] PHP Warning:  Attempt to read property "priority" on string in C:\Users\britt\Local Sites\sitecaredev\app\public\wp-content\plugins\event-tickets\common\src\functions\utils.php on line 406
[25-Jul-2025 13:36:13 UTC] PHP Warning:  Attempt to read property "priority" on string in C:\Users\britt\Local Sites\sitecaredev\app\public\wp-content\plugins\event-tickets\common\src\functions\utils.php on line 406
[25-Jul-2025 13:36:13 UTC] PHP Warning:  Attempt to read property "priority" on string in C:\Users\britt\Local Sites\sitecaredev\app\public\wp-content\plugins\event-tickets\common\src\functions\utils.php on line 406
[25-Jul-2025 13:36:13 UTC] PHP Warning:  Attempt to read property "priority" on string in C:\Users\britt\Local Sites\sitecaredev\app\public\wp-content\plugins\event-tickets\common\src\functions\utils.php on line 406
[25-Jul-2025 13:36:13 UTC] PHP Warning:  Attempt to read property "priority" on string in C:\Users\britt\Local Sites\sitecaredev\app\public\wp-content\plugins\event-tickets\common\src\functions\utils.php on line 406
[25-Jul-2025 13:36:13 UTC] PHP Warning:  Attempt to read property "priority" on string in C:\Users\britt\Local Sites\sitecaredev\app\public\wp-content\plugins\event-tickets\common\src\functions\utils.php on line 406
[25-Jul-2025 13:36:13 UTC] PHP Warning:  Attempt to read property "priority" on string in C:\Users\britt\Local Sites\sitecaredev\app\public\wp-content\plugins\event-tickets\common\src\functions\utils.php on line 406
[25-Jul-2025 13:36:13 UTC] PHP Warning:  Attempt to read property "priority" on string in C:\Users\britt\Local Sites\sitecaredev\app\public\wp-content\plugins\event-tickets\common\src\functions\utils.php on line 406
[25-Jul-2025 13:36:13 UTC] PHP Warning:  Attempt to read property "priority" on string in C:\Users\britt\Local Sites\sitecaredev\app\public\wp-content\plugins\event-tickets\common\src\functions\utils.php on line 406
[25-Jul-2025 13:36:13 UTC] PHP Warning:  Attempt to read property "priority" on string in C:\Users\britt\Local Sites\sitecaredev\app\public\wp-content\plugins\event-tickets\common\src\functions\utils.php on line 406
[25-Jul-2025 13:36:13 UTC] PHP Warning:  Attempt to read property "priority" on string in C:\Users\britt\Local Sites\sitecaredev\app\public\wp-content\plugins\event-tickets\common\src\functions\utils.php on line 406
[25-Jul-2025 13:36:13 UTC] PHP Warning:  Attempt to read property "priority" on string in C:\Users\britt\Local Sites\sitecaredev\app\public\wp-content\plugins\event-tickets\common\src\functions\utils.php on line 406
[25-Jul-2025 13:36:13 UTC] PHP Warning:  Attempt to read property "priority" on string in C:\Users\britt\Local Sites\sitecaredev\app\public\wp-content\plugins\event-tickets\common\src\functions\utils.php on line 406
[25-Jul-2025 13:36:13 UTC] PHP Warning:  Attempt to read property "priority" on string in C:\Users\britt\Local Sites\sitecaredev\app\public\wp-content\plugins\event-tickets\common\src\functions\utils.php on line 406
[25-Jul-2025 13:36:13 UTC] PHP Warning:  Attempt to read property "priority" on string in C:\Users\britt\Local Sites\sitecaredev\app\public\wp-content\plugins\event-tickets\common\src\functions\utils.php on line 406
[25-Jul-2025 13:36:13 UTC] PHP Warning:  Attempt to read property "priority" on string in C:\Users\britt\Local Sites\sitecaredev\app\public\wp-content\plugins\event-tickets\common\src\functions\utils.php on line 406
[25-Jul-2025 13:36:13 UTC] PHP Warning:  Attempt to read property "priority" on string in C:\Users\britt\Local Sites\sitecaredev\app\public\wp-content\plugins\event-tickets\common\src\functions\utils.php on line 406
[25-Jul-2025 13:36:13 UTC] PHP Warning:  Attempt to read property "priority" on string in C:\Users\britt\Local Sites\sitecaredev\app\public\wp-content\plugins\event-tickets\common\src\functions\utils.php on line 406
[25-Jul-2025 13:36:13 UTC] PHP Warning:  Attempt to read property "priority" on string in C:\Users\britt\Local Sites\sitecaredev\app\public\wp-content\plugins\event-tickets\common\src\functions\utils.php on line 406
[25-Jul-2025 13:36:13 UTC] PHP Warning:  Attempt to read property "priority" on string in C:\Users\britt\Local Sites\sitecaredev\app\public\wp-content\plugins\event-tickets\common\src\functions\utils.php on line 406
[25-Jul-2025 13:36:13 UTC] PHP Warning:  Attempt to read property "priority" on string in C:\Users\britt\Local Sites\sitecaredev\app\public\wp-content\plugins\event-tickets\common\src\functions\utils.php on line 406
[25-Jul-2025 13:36:13 UTC] PHP Warning:  Attempt to read property "priority" on string in C:\Users\britt\Local Sites\sitecaredev\app\public\wp-content\plugins\event-tickets\common\src\functions\utils.php on line 406
[25-Jul-2025 13:36:13 UTC] PHP Warning:  Attempt to read property "priority" on string in C:\Users\britt\Local Sites\sitecaredev\app\public\wp-content\plugins\event-tickets\common\src\functions\utils.php on line 406
[25-Jul-2025 13:36:13 UTC] PHP Warning:  Attempt to read property "priority" on string in C:\Users\britt\Local Sites\sitecaredev\app\public\wp-content\plugins\event-tickets\common\src\functions\utils.php on line 406
[25-Jul-2025 13:36:13 UTC] PHP Warning:  Attempt to read property "priority" on string in C:\Users\britt\Local Sites\sitecaredev\app\public\wp-content\plugins\event-tickets\common\src\functions\utils.php on line 406
[25-Jul-2025 13:36:13 UTC] PHP Warning:  Attempt to read property "priority" on string in C:\Users\britt\Local Sites\sitecaredev\app\public\wp-content\plugins\event-tickets\common\src\functions\utils.php on line 406
[25-Jul-2025 13:36:13 UTC] PHP Warning:  Attempt to read property "priority" on string in C:\Users\britt\Local Sites\sitecaredev\app\public\wp-content\plugins\event-tickets\common\src\functions\utils.php on line 406
[25-Jul-2025 13:36:13 UTC] PHP Warning:  Attempt to read property "priority" on string in C:\Users\britt\Local Sites\sitecaredev\app\public\wp-content\plugins\event-tickets\common\src\functions\utils.php on line 406
[25-Jul-2025 13:36:13 UTC] PHP Warning:  Attempt to read property "priority" on string in C:\Users\britt\Local Sites\sitecaredev\app\public\wp-content\plugins\event-tickets\common\src\functions\utils.php on line 406
[25-Jul-2025 13:36:13 UTC] PHP Warning:  Attempt to read property "priority" on string in C:\Users\britt\Local Sites\sitecaredev\app\public\wp-content\plugins\event-tickets\common\src\functions\utils.php on line 406
[25-Jul-2025 13:36:13 UTC] PHP Warning:  Attempt to read property "priority" on string in C:\Users\britt\Local Sites\sitecaredev\app\public\wp-content\plugins\event-tickets\common\src\functions\utils.php on line 406
[25-Jul-2025 13:36:13 UTC] PHP Warning:  Attempt to read property "priority" on string in C:\Users\britt\Local Sites\sitecaredev\app\public\wp-content\plugins\event-tickets\common\src\functions\utils.php on line 406
[25-Jul-2025 13:36:13 UTC] PHP Warning:  Attempt to read property "priority" on string in C:\Users\britt\Local Sites\sitecaredev\app\public\wp-content\plugins\event-tickets\common\src\functions\utils.php on line 406
[25-Jul-2025 13:36:13 UTC] PHP Warning:  Attempt to read property "priority" on string in C:\Users\britt\Local Sites\sitecaredev\app\public\wp-content\plugins\event-tickets\common\src\functions\utils.php on line 406
[25-Jul-2025 13:36:13 UTC] PHP Warning:  Attempt to read property "priority" on string in C:\Users\britt\Local Sites\sitecaredev\app\public\wp-content\plugins\event-tickets\common\src\functions\utils.php on line 406
[25-Jul-2025 13:36:13 UTC] PHP Warning:  Attempt to read property "priority" on string in C:\Users\britt\Local Sites\sitecaredev\app\public\wp-content\plugins\event-tickets\common\src\functions\utils.php on line 406
[25-Jul-2025 13:36:13 UTC] PHP Warning:  Attempt to read property "priority" on string in C:\Users\britt\Local Sites\sitecaredev\app\public\wp-content\plugins\event-tickets\common\src\functions\utils.php on line 406
[25-Jul-2025 13:36:13 UTC] PHP Warning:  Attempt to read property "priority" on string in C:\Users\britt\Local Sites\sitecaredev\app\public\wp-content\plugins\event-tickets\common\src\functions\utils.php on line 406
[25-Jul-2025 13:36:13 UTC] PHP Warning:  Attempt to read property "priority" on string in C:\Users\britt\Local Sites\sitecaredev\app\public\wp-content\plugins\event-tickets\common\src\functions\utils.php on line 406
[25-Jul-2025 13:36:13 UTC] PHP Warning:  Attempt to read property "priority" on string in C:\Users\britt\Local Sites\sitecaredev\app\public\wp-content\plugins\event-tickets\common\src\functions\utils.php on line 406
[25-Jul-2025 13:36:13 UTC] PHP Warning:  Attempt to read property "priority" on string in C:\Users\britt\Local Sites\sitecaredev\app\public\wp-content\plugins\event-tickets\common\src\functions\utils.php on line 406
[25-Jul-2025 13:36:13 UTC] PHP Warning:  Attempt to read property "priority" on string in C:\Users\britt\Local Sites\sitecaredev\app\public\wp-content\plugins\event-tickets\common\src\functions\utils.php on line 406
[25-Jul-2025 13:36:13 UTC] PHP Warning:  Attempt to read property "priority" on string in C:\Users\britt\Local Sites\sitecaredev\app\public\wp-content\plugins\event-tickets\common\src\functions\utils.php on line 406
[25-Jul-2025 13:36:13 UTC] PHP Warning:  Attempt to read property "priority" on string in C:\Users\britt\Local Sites\sitecaredev\app\public\wp-content\plugins\event-tickets\common\src\functions\utils.php on line 406
[25-Jul-2025 13:36:13 UTC] PHP Warning:  Attempt to read property "priority" on string in C:\Users\britt\Local Sites\sitecaredev\app\public\wp-content\plugins\event-tickets\common\src\functions\utils.php on line 406
[25-Jul-2025 13:36:13 UTC] PHP Warning:  Attempt to read property "priority" on string in C:\Users\britt\Local Sites\sitecaredev\app\public\wp-content\plugins\event-tickets\common\src\functions\utils.php on line 406
[25-Jul-2025 13:36:13 UTC] PHP Warning:  Attempt to read property "priority" on string in C:\Users\britt\Local Sites\sitecaredev\app\public\wp-content\plugins\event-tickets\common\src\functions\utils.php on line 406
[25-Jul-2025 13:36:13 UTC] PHP Warning:  Attempt to read property "priority" on string in C:\Users\britt\Local Sites\sitecaredev\app\public\wp-content\plugins\event-tickets\common\src\functions\utils.php on line 406
[25-Jul-2025 13:36:13 UTC] PHP Warning:  Attempt to read property "priority" on string in C:\Users\britt\Local Sites\sitecaredev\app\public\wp-content\plugins\event-tickets\common\src\functions\utils.php on line 406
[25-Jul-2025 13:36:13 UTC] PHP Warning:  Attempt to read property "priority" on string in C:\Users\britt\Local Sites\sitecaredev\app\public\wp-content\plugins\event-tickets\common\src\functions\utils.php on line 406
[25-Jul-2025 13:36:13 UTC] PHP Warning:  Attempt to read property "priority" on string in C:\Users\britt\Local Sites\sitecaredev\app\public\wp-content\plugins\event-tickets\common\src\functions\utils.php on line 406
[25-Jul-2025 13:36:13 UTC] PHP Warning:  Attempt to read property "priority" on string in C:\Users\britt\Local Sites\sitecaredev\app\public\wp-content\plugins\event-tickets\common\src\functions\utils.php on line 406
[25-Jul-2025 13:36:13 UTC] PHP Warning:  Attempt to read property "priority" on string in C:\Users\britt\Local Sites\sitecaredev\app\public\wp-content\plugins\event-tickets\common\src\functions\utils.php on line 406
[25-Jul-2025 13:36:13 UTC] PHP Warning:  Attempt to read property "priority" on string in C:\Users\britt\Local Sites\sitecaredev\app\public\wp-content\plugins\event-tickets\common\src\functions\utils.php on line 406
[25-Jul-2025 13:36:13 UTC] PHP Warning:  Attempt to read property "priority" on string in C:\Users\britt\Local Sites\sitecaredev\app\public\wp-content\plugins\event-tickets\common\src\functions\utils.php on line 406
[25-Jul-2025 13:36:13 UTC] PHP Warning:  Attempt to read property "priority" on string in C:\Users\britt\Local Sites\sitecaredev\app\public\wp-content\plugins\event-tickets\common\src\functions\utils.php on line 406
[25-Jul-2025 13:36:13 UTC] PHP Warning:  Attempt to read property "priority" on string in C:\Users\britt\Local Sites\sitecaredev\app\public\wp-content\plugins\event-tickets\common\src\functions\utils.php on line 406
[25-Jul-2025 13:36:13 UTC] PHP Warning:  Attempt to read property "priority" on string in C:\Users\britt\Local Sites\sitecaredev\app\public\wp-content\plugins\event-tickets\common\src\functions\utils.php on line 406
[25-Jul-2025 13:36:13 UTC] PHP Warning:  Attempt to read property "priority" on string in C:\Users\britt\Local Sites\sitecaredev\app\public\wp-content\plugins\event-tickets\common\src\functions\utils.php on line 406
[25-Jul-2025 13:36:13 UTC] PHP Warning:  Attempt to read property "priority" on string in C:\Users\britt\Local Sites\sitecaredev\app\public\wp-content\plugins\event-tickets\common\src\functions\utils.php on line 406
[25-Jul-2025 13:36:13 UTC] PHP Warning:  Attempt to read property "priority" on string in C:\Users\britt\Local Sites\sitecaredev\app\public\wp-content\plugins\event-tickets\common\src\functions\utils.php on line 406
[25-Jul-2025 13:36:13 UTC] PHP Warning:  Attempt to read property "priority" on string in C:\Users\britt\Local Sites\sitecaredev\app\public\wp-content\plugins\event-tickets\common\src\functions\utils.php on line 406
[25-Jul-2025 13:36:13 UTC] PHP Warning:  Attempt to read property "priority" on string in C:\Users\britt\Local Sites\sitecaredev\app\public\wp-content\plugins\event-tickets\common\src\functions\utils.php on line 406
[25-Jul-2025 13:36:13 UTC] PHP Warning:  Attempt to read property "priority" on string in C:\Users\britt\Local Sites\sitecaredev\app\public\wp-content\plugins\event-tickets\common\src\functions\utils.php on line 406
[25-Jul-2025 13:36:13 UTC] PHP Warning:  Attempt to read property "priority" on string in C:\Users\britt\Local Sites\sitecaredev\app\public\wp-content\plugins\event-tickets\common\src\functions\utils.php on line 406
[25-Jul-2025 13:36:13 UTC] PHP Warning:  Attempt to read property "priority" on string in C:\Users\britt\Local Sites\sitecaredev\app\public\wp-content\plugins\event-tickets\common\src\functions\utils.php on line 406
[25-Jul-2025 13:36:13 UTC] PHP Warning:  Attempt to read property "priority" on string in C:\Users\britt\Local Sites\sitecaredev\app\public\wp-content\plugins\event-tickets\common\src\functions\utils.php on line 406
[25-Jul-2025 13:36:13 UTC] PHP Warning:  Attempt to read property "priority" on string in C:\Users\britt\Local Sites\sitecaredev\app\public\wp-content\plugins\event-tickets\common\src\functions\utils.php on line 406
[25-Jul-2025 13:36:13 UTC] PHP Warning:  Attempt to read property "priority" on string in C:\Users\britt\Local Sites\sitecaredev\app\public\wp-content\plugins\event-tickets\common\src\functions\utils.php on line 406
[25-Jul-2025 13:36:13 UTC] PHP Warning:  Attempt to read property "priority" on string in C:\Users\britt\Local Sites\sitecaredev\app\public\wp-content\plugins\event-tickets\common\src\functions\utils.php on line 406
[25-Jul-2025 13:36:13 UTC] PHP Warning:  Attempt to read property "priority" on string in C:\Users\britt\Local Sites\sitecaredev\app\public\wp-content\plugins\event-tickets\common\src\functions\utils.php on line 406
[25-Jul-2025 13:36:13 UTC] PHP Warning:  Attempt to read property "priority" on string in C:\Users\britt\Local Sites\sitecaredev\app\public\wp-content\plugins\event-tickets\common\src\functions\utils.php on line 406
[25-Jul-2025 13:36:13 UTC] PHP Warning:  Attempt to read property "priority" on string in C:\Users\britt\Local Sites\sitecaredev\app\public\wp-content\plugins\event-tickets\common\src\functions\utils.php on line 406
[25-Jul-2025 13:36:13 UTC] PHP Warning:  Attempt to read property "priority" on string in C:\Users\britt\Local Sites\sitecaredev\app\public\wp-content\plugins\event-tickets\common\src\functions\utils.php on line 406
[25-Jul-2025 13:36:13 UTC] PHP Warning:  Attempt to read property "priority" on string in C:\Users\britt\Local Sites\sitecaredev\app\public\wp-content\plugins\event-tickets\common\src\functions\utils.php on line 406
[25-Jul-2025 13:36:13 UTC] PHP Warning:  Attempt to read property "priority" on string in C:\Users\britt\Local Sites\sitecaredev\app\public\wp-content\plugins\event-tickets\common\src\functions\utils.php on line 406
[25-Jul-2025 13:36:13 UTC] PHP Warning:  Attempt to read property "priority" on string in C:\Users\britt\Local Sites\sitecaredev\app\public\wp-content\plugins\event-tickets\common\src\functions\utils.php on line 406
[25-Jul-2025 13:36:13 UTC] PHP Warning:  Attempt to read property "priority" on string in C:\Users\britt\Local Sites\sitecaredev\app\public\wp-content\plugins\event-tickets\common\src\functions\utils.php on line 406
[25-Jul-2025 13:36:13 UTC] PHP Warning:  Attempt to read property "priority" on string in C:\Users\britt\Local Sites\sitecaredev\app\public\wp-content\plugins\event-tickets\common\src\functions\utils.php on line 406
[25-Jul-2025 13:36:13 UTC] PHP Warning:  Attempt to read property "priority" on string in C:\Users\britt\Local Sites\sitecaredev\app\public\wp-content\plugins\event-tickets\common\src\functions\utils.php on line 406
[25-Jul-2025 13:36:13 UTC] PHP Warning:  Attempt to read property "priority" on string in C:\Users\britt\Local Sites\sitecaredev\app\public\wp-content\plugins\event-tickets\common\src\functions\utils.php on line 406
[25-Jul-2025 13:36:13 UTC] PHP Warning:  Attempt to read property "priority" on string in C:\Users\britt\Local Sites\sitecaredev\app\public\wp-content\plugins\event-tickets\common\src\functions\utils.php on line 406
[25-Jul-2025 13:36:13 UTC] PHP Warning:  Attempt to read property "priority" on string in C:\Users\britt\Local Sites\sitecaredev\app\public\wp-content\plugins\event-tickets\common\src\functions\utils.php on line 406
[25-Jul-2025 13:36:13 UTC] PHP Warning:  Attempt to read property "priority" on string in C:\Users\britt\Local Sites\sitecaredev\app\public\wp-content\plugins\event-tickets\common\src\functions\utils.php on line 406
[25-Jul-2025 13:36:13 UTC] PHP Warning:  Attempt to read property "priority" on string in C:\Users\britt\Local Sites\sitecaredev\app\public\wp-content\plugins\event-tickets\common\src\functions\utils.php on line 406
[25-Jul-2025 13:36:13 UTC] PHP Warning:  Attempt to read property "priority" on string in C:\Users\britt\Local Sites\sitecaredev\app\public\wp-content\plugins\event-tickets\common\src\functions\utils.php on line 406
[25-Jul-2025 13:36:13 UTC] PHP Warning:  Attempt to read property "priority" on string in C:\Users\britt\Local Sites\sitecaredev\app\public\wp-content\plugins\event-tickets\common\src\functions\utils.php on line 406
[25-Jul-2025 13:36:13 UTC] PHP Warning:  Attempt to read property "priority" on string in C:\Users\britt\Local Sites\sitecaredev\app\public\wp-content\plugins\event-tickets\common\src\functions\utils.php on line 406
[25-Jul-2025 13:36:13 UTC] PHP Warning:  Attempt to read property "priority" on string in C:\Users\britt\Local Sites\sitecaredev\app\public\wp-content\plugins\event-tickets\common\src\functions\utils.php on line 406
[25-Jul-2025 13:36:13 UTC] PHP Warning:  Attempt to read property "priority" on string in C:\Users\britt\Local Sites\sitecaredev\app\public\wp-content\plugins\event-tickets\common\src\functions\utils.php on line 406
[25-Jul-2025 13:36:13 UTC] PHP Warning:  Attempt to read property "priority" on string in C:\Users\britt\Local Sites\sitecaredev\app\public\wp-content\plugins\event-tickets\common\src\functions\utils.php on line 406
[25-Jul-2025 13:36:13 UTC] PHP Warning:  Attempt to read property "priority" on string in C:\Users\britt\Local Sites\sitecaredev\app\public\wp-content\plugins\event-tickets\common\src\functions\utils.php on line 406
[25-Jul-2025 13:36:13 UTC] PHP Warning:  Attempt to read property "priority" on string in C:\Users\britt\Local Sites\sitecaredev\app\public\wp-content\plugins\event-tickets\common\src\functions\utils.php on line 406
[25-Jul-2025 13:36:13 UTC] PHP Warning:  Attempt to read property "priority" on string in C:\Users\britt\Local Sites\sitecaredev\app\public\wp-content\plugins\event-tickets\common\src\functions\utils.php on line 406
[25-Jul-2025 13:36:13 UTC] PHP Warning:  Attempt to read property "priority" on string in C:\Users\britt\Local Sites\sitecaredev\app\public\wp-content\plugins\event-tickets\common\src\functions\utils.php on line 406
[25-Jul-2025 13:36:13 UTC] PHP Warning:  Attempt to read property "priority" on string in C:\Users\britt\Local Sites\sitecaredev\app\public\wp-content\plugins\event-tickets\common\src\functions\utils.php on line 406
[25-Jul-2025 13:36:13 UTC] PHP Warning:  Attempt to read property "priority" on string in C:\Users\britt\Local Sites\sitecaredev\app\public\wp-content\plugins\event-tickets\common\src\functions\utils.php on line 406
[25-Jul-2025 13:36:13 UTC] PHP Warning:  Attempt to read property "priority" on string in C:\Users\britt\Local Sites\sitecaredev\app\public\wp-content\plugins\event-tickets\common\src\functions\utils.php on line 406
[25-Jul-2025 13:36:13 UTC] PHP Warning:  Attempt to read property "priority" on string in C:\Users\britt\Local Sites\sitecaredev\app\public\wp-content\plugins\event-tickets\common\src\functions\utils.php on line 406
[25-Jul-2025 13:36:13 UTC] PHP Warning:  Attempt to read property "priority" on string in C:\Users\britt\Local Sites\sitecaredev\app\public\wp-content\plugins\event-tickets\common\src\functions\utils.php on line 406
[25-Jul-2025 13:36:13 UTC] PHP Warning:  Attempt to read property "priority" on string in C:\Users\britt\Local Sites\sitecaredev\app\public\wp-content\plugins\event-tickets\common\src\functions\utils.php on line 406
[25-Jul-2025 13:36:13 UTC] PHP Warning:  Attempt to read property "priority" on string in C:\Users\britt\Local Sites\sitecaredev\app\public\wp-content\plugins\event-tickets\common\src\functions\utils.php on line 406
[25-Jul-2025 13:36:13 UTC] PHP Warning:  Attempt to read property "priority" on string in C:\Users\britt\Local Sites\sitecaredev\app\public\wp-content\plugins\event-tickets\common\src\functions\utils.php on line 406
[25-Jul-2025 13:36:13 UTC] PHP Warning:  Attempt to read property "priority" on string in C:\Users\britt\Local Sites\sitecaredev\app\public\wp-content\plugins\event-tickets\common\src\functions\utils.php on line 406
[25-Jul-2025 13:36:13 UTC] PHP Warning:  Attempt to read property "priority" on string in C:\Users\britt\Local Sites\sitecaredev\app\public\wp-content\plugins\event-tickets\common\src\functions\utils.php on line 406
[25-Jul-2025 13:36:13 UTC] PHP Warning:  Attempt to read property "priority" on string in C:\Users\britt\Local Sites\sitecaredev\app\public\wp-content\plugins\event-tickets\common\src\functions\utils.php on line 406
[25-Jul-2025 13:36:13 UTC] PHP Warning:  Attempt to read property "priority" on string in C:\Users\britt\Local Sites\sitecaredev\app\public\wp-content\plugins\event-tickets\common\src\functions\utils.php on line 406
[25-Jul-2025 13:36:13 UTC] PHP Warning:  Attempt to read property "priority" on string in C:\Users\britt\Local Sites\sitecaredev\app\public\wp-content\plugins\event-tickets\common\src\functions\utils.php on line 406
[25-Jul-2025 13:36:13 UTC] PHP Warning:  Attempt to read property "priority" on string in C:\Users\britt\Local Sites\sitecaredev\app\public\wp-content\plugins\event-tickets\common\src\functions\utils.php on line 406
[25-Jul-2025 13:36:13 UTC] PHP Warning:  Attempt to read property "priority" on string in C:\Users\britt\Local Sites\sitecaredev\app\public\wp-content\plugins\event-tickets\common\src\functions\utils.php on line 406
[25-Jul-2025 13:36:13 UTC] PHP Warning:  Attempt to read property "priority" on string in C:\Users\britt\Local Sites\sitecaredev\app\public\wp-content\plugins\event-tickets\common\src\functions\utils.php on line 406
[25-Jul-2025 13:36:13 UTC] PHP Warning:  Attempt to read property "priority" on string in C:\Users\britt\Local Sites\sitecaredev\app\public\wp-content\plugins\event-tickets\common\src\functions\utils.php on line 406
[25-Jul-2025 13:36:13 UTC] PHP Warning:  Attempt to read property "priority" on string in C:\Users\britt\Local Sites\sitecaredev\app\public\wp-content\plugins\event-tickets\common\src\functions\utils.php on line 406
[25-Jul-2025 13:36:13 UTC] PHP Warning:  Attempt to read property "priority" on string in C:\Users\britt\Local Sites\sitecaredev\app\public\wp-content\plugins\event-tickets\common\src\functions\utils.php on line 406
[25-Jul-2025 13:36:13 UTC] PHP Warning:  Attempt to read property "priority" on string in C:\Users\britt\Local Sites\sitecaredev\app\public\wp-content\plugins\event-tickets\common\src\functions\utils.php on line 406
[25-Jul-2025 13:36:13 UTC] PHP Warning:  Attempt to read property "priority" on string in C:\Users\britt\Local Sites\sitecaredev\app\public\wp-content\plugins\event-tickets\common\src\functions\utils.php on line 406
[25-Jul-2025 13:36:13 UTC] PHP Warning:  Attempt to read property "priority" on string in C:\Users\britt\Local Sites\sitecaredev\app\public\wp-content\plugins\event-tickets\common\src\functions\utils.php on line 406
[25-Jul-2025 13:36:13 UTC] PHP Warning:  Attempt to read property "priority" on string in C:\Users\britt\Local Sites\sitecaredev\app\public\wp-content\plugins\event-tickets\common\src\functions\utils.php on line 406
[25-Jul-2025 13:36:13 UTC] PHP Warning:  Attempt to read property "priority" on string in C:\Users\britt\Local Sites\sitecaredev\app\public\wp-content\plugins\event-tickets\common\src\functions\utils.php on line 406
[25-Jul-2025 13:36:13 UTC] PHP Warning:  Attempt to read property "priority" on string in C:\Users\britt\Local Sites\sitecaredev\app\public\wp-content\plugins\event-tickets\common\src\functions\utils.php on line 406
[25-Jul-2025 13:36:13 UTC] PHP Warning:  Attempt to read property "priority" on string in C:\Users\britt\Local Sites\sitecaredev\app\public\wp-content\plugins\event-tickets\common\src\functions\utils.php on line 406
[25-Jul-2025 13:36:13 UTC] PHP Warning:  Attempt to read property "priority" on string in C:\Users\britt\Local Sites\sitecaredev\app\public\wp-content\plugins\event-tickets\common\src\functions\utils.php on line 406
[25-Jul-2025 13:36:13 UTC] PHP Warning:  Attempt to read property "priority" on string in C:\Users\britt\Local Sites\sitecaredev\app\public\wp-content\plugins\event-tickets\common\src\functions\utils.php on line 406
[25-Jul-2025 13:36:13 UTC] PHP Warning:  Attempt to read property "priority" on string in C:\Users\britt\Local Sites\sitecaredev\app\public\wp-content\plugins\event-tickets\common\src\functions\utils.php on line 406
[25-Jul-2025 13:36:13 UTC] PHP Warning:  Attempt to read property "priority" on string in C:\Users\britt\Local Sites\sitecaredev\app\public\wp-content\plugins\event-tickets\common\src\functions\utils.php on line 406
[25-Jul-2025 13:36:13 UTC] PHP Warning:  Attempt to read property "priority" on string in C:\Users\britt\Local Sites\sitecaredev\app\public\wp-content\plugins\event-tickets\common\src\functions\utils.php on line 406
[25-Jul-2025 13:36:13 UTC] PHP Warning:  Attempt to read property "priority" on string in C:\Users\britt\Local Sites\sitecaredev\app\public\wp-content\plugins\event-tickets\common\src\functions\utils.php on line 406
[25-Jul-2025 13:36:13 UTC] PHP Warning:  Attempt to read property "priority" on string in C:\Users\britt\Local Sites\sitecaredev\app\public\wp-content\plugins\event-tickets\common\src\functions\utils.php on line 406
[25-Jul-2025 13:36:13 UTC] PHP Warning:  Attempt to read property "priority" on string in C:\Users\britt\Local Sites\sitecaredev\app\public\wp-content\plugins\event-tickets\common\src\functions\utils.php on line 406
[25-Jul-2025 13:36:13 UTC] PHP Warning:  Attempt to read property "priority" on string in C:\Users\britt\Local Sites\sitecaredev\app\public\wp-content\plugins\event-tickets\common\src\functions\utils.php on line 406
[25-Jul-2025 13:36:13 UTC] PHP Warning:  Attempt to read property "priority" on string in C:\Users\britt\Local Sites\sitecaredev\app\public\wp-content\plugins\event-tickets\common\src\functions\utils.php on line 406
[25-Jul-2025 13:36:13 UTC] PHP Warning:  Attempt to read property "priority" on string in C:\Users\britt\Local Sites\sitecaredev\app\public\wp-content\plugins\event-tickets\common\src\functions\utils.php on line 406
[25-Jul-2025 13:36:13 UTC] PHP Warning:  Attempt to read property "priority" on string in C:\Users\britt\Local Sites\sitecaredev\app\public\wp-content\plugins\event-tickets\common\src\functions\utils.php on line 406
[25-Jul-2025 13:36:13 UTC] PHP Warning:  Attempt to read property "priority" on string in C:\Users\britt\Local Sites\sitecaredev\app\public\wp-content\plugins\event-tickets\common\src\functions\utils.php on line 406
[25-Jul-2025 13:36:13 UTC] PHP Warning:  Attempt to read property "priority" on string in C:\Users\britt\Local Sites\sitecaredev\app\public\wp-content\plugins\event-tickets\common\src\functions\utils.php on line 406
[25-Jul-2025 13:36:13 UTC] PHP Warning:  Attempt to read property "priority" on string in C:\Users\britt\Local Sites\sitecaredev\app\public\wp-content\plugins\event-tickets\common\src\functions\utils.php on line 406
[25-Jul-2025 13:36:13 UTC] PHP Warning:  Attempt to read property "priority" on string in C:\Users\britt\Local Sites\sitecaredev\app\public\wp-content\plugins\event-tickets\common\src\functions\utils.php on line 406
[25-Jul-2025 13:36:13 UTC] PHP Warning:  Attempt to read property "priority" on string in C:\Users\britt\Local Sites\sitecaredev\app\public\wp-content\plugins\event-tickets\common\src\functions\utils.php on line 406
[25-Jul-2025 13:36:13 UTC] PHP Warning:  Attempt to read property "priority" on string in C:\Users\britt\Local Sites\sitecaredev\app\public\wp-content\plugins\event-tickets\common\src\functions\utils.php on line 406
[25-Jul-2025 13:36:13 UTC] PHP Warning:  Attempt to read property "priority" on string in C:\Users\britt\Local Sites\sitecaredev\app\public\wp-content\plugins\event-tickets\common\src\functions\utils.php on line 406
[25-Jul-2025 13:36:13 UTC] PHP Warning:  Attempt to read property "priority" on string in C:\Users\britt\Local Sites\sitecaredev\app\public\wp-content\plugins\event-tickets\common\src\functions\utils.php on line 406
[25-Jul-2025 13:36:13 UTC] PHP Warning:  Attempt to read property "priority" on string in C:\Users\britt\Local Sites\sitecaredev\app\public\wp-content\plugins\event-tickets\common\src\functions\utils.php on line 406
[25-Jul-2025 13:36:13 UTC] PHP Warning:  Attempt to read property "priority" on string in C:\Users\britt\Local Sites\sitecaredev\app\public\wp-content\plugins\event-tickets\common\src\functions\utils.php on line 406
[25-Jul-2025 13:36:13 UTC] PHP Warning:  Attempt to read property "priority" on string in C:\Users\britt\Local Sites\sitecaredev\app\public\wp-content\plugins\event-tickets\common\src\functions\utils.php on line 406
[25-Jul-2025 13:36:13 UTC] PHP Warning:  Attempt to read property "priority" on string in C:\Users\britt\Local Sites\sitecaredev\app\public\wp-content\plugins\event-tickets\common\src\functions\utils.php on line 406
[25-Jul-2025 13:36:13 UTC] PHP Warning:  Attempt to read property "priority" on string in C:\Users\britt\Local Sites\sitecaredev\app\public\wp-content\plugins\event-tickets\common\src\functions\utils.php on line 406
[25-Jul-2025 13:36:13 UTC] PHP Warning:  Attempt to read property "priority" on string in C:\Users\britt\Local Sites\sitecaredev\app\public\wp-content\plugins\event-tickets\common\src\functions\utils.php on line 406
[25-Jul-2025 13:36:13 UTC] PHP Warning:  Attempt to read property "priority" on string in C:\Users\britt\Local Sites\sitecaredev\app\public\wp-content\plugins\event-tickets\common\src\functions\utils.php on line 406
[25-Jul-2025 13:36:13 UTC] PHP Warning:  Attempt to read property "priority" on string in C:\Users\britt\Local Sites\sitecaredev\app\public\wp-content\plugins\event-tickets\common\src\functions\utils.php on line 406
[25-Jul-2025 13:36:13 UTC] PHP Warning:  Attempt to read property "priority" on string in C:\Users\britt\Local Sites\sitecaredev\app\public\wp-content\plugins\event-tickets\common\src\functions\utils.php on line 406
[25-Jul-2025 13:36:13 UTC] PHP Warning:  Attempt to read property "priority" on string in C:\Users\britt\Local Sites\sitecaredev\app\public\wp-content\plugins\event-tickets\common\src\functions\utils.php on line 406
[25-Jul-2025 13:36:13 UTC] PHP Warning:  Attempt to read property "priority" on string in C:\Users\britt\Local Sites\sitecaredev\app\public\wp-content\plugins\event-tickets\common\src\functions\utils.php on line 406
[25-Jul-2025 13:36:13 UTC] PHP Warning:  Attempt to read property "priority" on string in C:\Users\britt\Local Sites\sitecaredev\app\public\wp-content\plugins\event-tickets\common\src\functions\utils.php on line 406
[25-Jul-2025 13:36:13 UTC] PHP Warning:  Attempt to read property "priority" on string in C:\Users\britt\Local Sites\sitecaredev\app\public\wp-content\plugins\event-tickets\common\src\functions\utils.php on line 406
[25-Jul-2025 13:36:13 UTC] PHP Warning:  Attempt to read property "priority" on string in C:\Users\britt\Local Sites\sitecaredev\app\public\wp-content\plugins\event-tickets\common\src\functions\utils.php on line 406
[25-Jul-2025 13:36:13 UTC] PHP Warning:  Attempt to read property "priority" on string in C:\Users\britt\Local Sites\sitecaredev\app\public\wp-content\plugins\event-tickets\common\src\functions\utils.php on line 406
[25-Jul-2025 13:36:13 UTC] PHP Warning:  Attempt to read property "priority" on string in C:\Users\britt\Local Sites\sitecaredev\app\public\wp-content\plugins\event-tickets\common\src\functions\utils.php on line 406
[25-Jul-2025 13:36:13 UTC] PHP Warning:  Attempt to read property "priority" on string in C:\Users\britt\Local Sites\sitecaredev\app\public\wp-content\plugins\event-tickets\common\src\functions\utils.php on line 406
[25-Jul-2025 13:36:13 UTC] PHP Warning:  Attempt to read property "priority" on string in C:\Users\britt\Local Sites\sitecaredev\app\public\wp-content\plugins\event-tickets\common\src\functions\utils.php on line 406
[25-Jul-2025 13:36:13 UTC] PHP Warning:  Attempt to read property "priority" on string in C:\Users\britt\Local Sites\sitecaredev\app\public\wp-content\plugins\event-tickets\common\src\functions\utils.php on line 406
[25-Jul-2025 13:36:13 UTC] PHP Warning:  Attempt to read property "priority" on string in C:\Users\britt\Local Sites\sitecaredev\app\public\wp-content\plugins\event-tickets\common\src\functions\utils.php on line 406
[25-Jul-2025 13:36:13 UTC] PHP Warning:  Attempt to read property "priority" on string in C:\Users\britt\Local Sites\sitecaredev\app\public\wp-content\plugins\event-tickets\common\src\functions\utils.php on line 406
[25-Jul-2025 13:36:13 UTC] PHP Warning:  Attempt to read property "priority" on string in C:\Users\britt\Local Sites\sitecaredev\app\public\wp-content\plugins\event-tickets\common\src\functions\utils.php on line 406
[25-Jul-2025 13:36:13 UTC] PHP Warning:  Attempt to read property "priority" on string in C:\Users\britt\Local Sites\sitecaredev\app\public\wp-content\plugins\event-tickets\common\src\functions\utils.php on line 406
[25-Jul-2025 13:36:13 UTC] PHP Warning:  Attempt to read property "priority" on string in C:\Users\britt\Local Sites\sitecaredev\app\public\wp-content\plugins\event-tickets\common\src\functions\utils.php on line 406
[25-Jul-2025 13:36:13 UTC] PHP Warning:  Attempt to read property "priority" on string in C:\Users\britt\Local Sites\sitecaredev\app\public\wp-content\plugins\event-tickets\common\src\functions\utils.php on line 406
[25-Jul-2025 13:36:13 UTC] PHP Warning:  Attempt to read property "priority" on string in C:\Users\britt\Local Sites\sitecaredev\app\public\wp-content\plugins\event-tickets\common\src\functions\utils.php on line 406
[25-Jul-2025 13:36:13 UTC] PHP Warning:  Attempt to read property "priority" on string in C:\Users\britt\Local Sites\sitecaredev\app\public\wp-content\plugins\event-tickets\common\src\functions\utils.php on line 406
[25-Jul-2025 13:36:13 UTC] PHP Warning:  Attempt to read property "priority" on string in C:\Users\britt\Local Sites\sitecaredev\app\public\wp-content\plugins\event-tickets\common\src\functions\utils.php on line 406
[25-Jul-2025 13:36:13 UTC] PHP Warning:  Attempt to read property "priority" on string in C:\Users\britt\Local Sites\sitecaredev\app\public\wp-content\plugins\event-tickets\common\src\functions\utils.php on line 406
[25-Jul-2025 13:36:13 UTC] PHP Warning:  Attempt to read property "priority" on string in C:\Users\britt\Local Sites\sitecaredev\app\public\wp-content\plugins\event-tickets\common\src\functions\utils.php on line 406
[25-Jul-2025 13:36:13 UTC] PHP Warning:  Attempt to read property "priority" on string in C:\Users\britt\Local Sites\sitecaredev\app\public\wp-content\plugins\event-tickets\common\src\functions\utils.php on line 406
[25-Jul-2025 13:36:13 UTC] PHP Warning:  Attempt to read property "priority" on string in C:\Users\britt\Local Sites\sitecaredev\app\public\wp-content\plugins\event-tickets\common\src\functions\utils.php on line 406
[25-Jul-2025 13:36:13 UTC] PHP Warning:  Attempt to read property "priority" on string in C:\Users\britt\Local Sites\sitecaredev\app\public\wp-content\plugins\event-tickets\common\src\functions\utils.php on line 406
[25-Jul-2025 13:36:13 UTC] PHP Warning:  Attempt to read property "priority" on string in C:\Users\britt\Local Sites\sitecaredev\app\public\wp-content\plugins\event-tickets\common\src\functions\utils.php on line 406
[25-Jul-2025 13:36:13 UTC] PHP Warning:  Attempt to read property "priority" on string in C:\Users\britt\Local Sites\sitecaredev\app\public\wp-content\plugins\event-tickets\common\src\functions\utils.php on line 406
[25-Jul-2025 13:36:13 UTC] PHP Warning:  Attempt to read property "priority" on string in C:\Users\britt\Local Sites\sitecaredev\app\public\wp-content\plugins\event-tickets\common\src\functions\utils.php on line 406
[25-Jul-2025 13:36:13 UTC] PHP Warning:  Attempt to read property "priority" on string in C:\Users\britt\Local Sites\sitecaredev\app\public\wp-content\plugins\event-tickets\common\src\functions\utils.php on line 406
[25-Jul-2025 13:36:13 UTC] PHP Warning:  Attempt to read property "priority" on string in C:\Users\britt\Local Sites\sitecaredev\app\public\wp-content\plugins\event-tickets\common\src\functions\utils.php on line 406
[25-Jul-2025 13:36:13 UTC] PHP Warning:  Attempt to read property "priority" on string in C:\Users\britt\Local Sites\sitecaredev\app\public\wp-content\plugins\event-tickets\common\src\functions\utils.php on line 406
[25-Jul-2025 13:36:13 UTC] PHP Warning:  Attempt to read property "priority" on string in C:\Users\britt\Local Sites\sitecaredev\app\public\wp-content\plugins\event-tickets\common\src\functions\utils.php on line 406
[25-Jul-2025 13:36:13 UTC] PHP Warning:  Attempt to read property "priority" on string in C:\Users\britt\Local Sites\sitecaredev\app\public\wp-content\plugins\event-tickets\common\src\functions\utils.php on line 406
[25-Jul-2025 13:36:13 UTC] PHP Warning:  Attempt to read property "priority" on string in C:\Users\britt\Local Sites\sitecaredev\app\public\wp-content\plugins\event-tickets\common\src\functions\utils.php on line 406
[25-Jul-2025 13:36:13 UTC] PHP Warning:  Attempt to read property "priority" on string in C:\Users\britt\Local Sites\sitecaredev\app\public\wp-content\plugins\event-tickets\common\src\functions\utils.php on line 406
[25-Jul-2025 13:36:13 UTC] PHP Warning:  Attempt to read property "priority" on string in C:\Users\britt\Local Sites\sitecaredev\app\public\wp-content\plugins\event-tickets\common\src\functions\utils.php on line 406
[25-Jul-2025 13:36:13 UTC] PHP Warning:  Attempt to read property "priority" on string in C:\Users\britt\Local Sites\sitecaredev\app\public\wp-content\plugins\event-tickets\common\src\functions\utils.php on line 406
[25-Jul-2025 13:36:13 UTC] PHP Warning:  Attempt to read property "priority" on string in C:\Users\britt\Local Sites\sitecaredev\app\public\wp-content\plugins\event-tickets\common\src\functions\utils.php on line 406
[25-Jul-2025 13:36:13 UTC] PHP Warning:  Attempt to read property "priority" on string in C:\Users\britt\Local Sites\sitecaredev\app\public\wp-content\plugins\event-tickets\common\src\functions\utils.php on line 406
[25-Jul-2025 13:36:13 UTC] PHP Warning:  Attempt to read property "priority" on string in C:\Users\britt\Local Sites\sitecaredev\app\public\wp-content\plugins\event-tickets\common\src\functions\utils.php on line 406
[25-Jul-2025 13:36:13 UTC] PHP Warning:  Attempt to read property "priority" on string in C:\Users\britt\Local Sites\sitecaredev\app\public\wp-content\plugins\event-tickets\common\src\functions\utils.php on line 406
[25-Jul-2025 13:36:13 UTC] PHP Warning:  Attempt to read property "priority" on string in C:\Users\britt\Local Sites\sitecaredev\app\public\wp-content\plugins\event-tickets\common\src\functions\utils.php on line 406
[25-Jul-2025 13:36:24 UTC] PHP Warning:  Attempt to read property "priority" on string in C:\Users\britt\Local Sites\sitecaredev\app\public\wp-content\plugins\event-tickets\common\src\functions\utils.php on line 406
[25-Jul-2025 13:36:24 UTC] PHP Warning:  Attempt to read property "priority" on string in C:\Users\britt\Local Sites\sitecaredev\app\public\wp-content\plugins\event-tickets\common\src\functions\utils.php on line 406
[25-Jul-2025 13:36:24 UTC] PHP Warning:  Attempt to read property "priority" on string in C:\Users\britt\Local Sites\sitecaredev\app\public\wp-content\plugins\event-tickets\common\src\functions\utils.php on line 406
[25-Jul-2025 13:36:24 UTC] PHP Warning:  Attempt to read property "priority" on string in C:\Users\britt\Local Sites\sitecaredev\app\public\wp-content\plugins\event-tickets\common\src\functions\utils.php on line 406
[25-Jul-2025 13:36:24 UTC] PHP Warning:  Attempt to read property "priority" on string in C:\Users\britt\Local Sites\sitecaredev\app\public\wp-content\plugins\event-tickets\common\src\functions\utils.php on line 406
[25-Jul-2025 13:36:24 UTC] PHP Warning:  Attempt to read property "priority" on string in C:\Users\britt\Local Sites\sitecaredev\app\public\wp-content\plugins\event-tickets\common\src\functions\utils.php on line 406
[25-Jul-2025 13:36:24 UTC] PHP Warning:  Attempt to read property "priority" on string in C:\Users\britt\Local Sites\sitecaredev\app\public\wp-content\plugins\event-tickets\common\src\functions\utils.php on line 406
[25-Jul-2025 13:36:24 UTC] PHP Warning:  Attempt to read property "priority" on string in C:\Users\britt\Local Sites\sitecaredev\app\public\wp-content\plugins\event-tickets\common\src\functions\utils.php on line 406
[25-Jul-2025 13:36:24 UTC] PHP Warning:  Attempt to read property "priority" on string in C:\Users\britt\Local Sites\sitecaredev\app\public\wp-content\plugins\event-tickets\common\src\functions\utils.php on line 406
[25-Jul-2025 13:36:24 UTC] PHP Warning:  Attempt to read property "priority" on string in C:\Users\britt\Local Sites\sitecaredev\app\public\wp-content\plugins\event-tickets\common\src\functions\utils.php on line 406
[25-Jul-2025 13:36:24 UTC] PHP Warning:  Attempt to read property "priority" on string in C:\Users\britt\Local Sites\sitecaredev\app\public\wp-content\plugins\event-tickets\common\src\functions\utils.php on line 406
[25-Jul-2025 13:36:24 UTC] PHP Warning:  Attempt to read property "priority" on string in C:\Users\britt\Local Sites\sitecaredev\app\public\wp-content\plugins\event-tickets\common\src\functions\utils.php on line 406
[25-Jul-2025 13:36:24 UTC] PHP Warning:  Attempt to read property "priority" on string in C:\Users\britt\Local Sites\sitecaredev\app\public\wp-content\plugins\event-tickets\common\src\functions\utils.php on line 406
[25-Jul-2025 13:36:24 UTC] PHP Warning:  Attempt to read property "priority" on string in C:\Users\britt\Local Sites\sitecaredev\app\public\wp-content\plugins\event-tickets\common\src\functions\utils.php on line 406
[25-Jul-2025 13:36:24 UTC] PHP Warning:  Attempt to read property "priority" on string in C:\Users\britt\Local Sites\sitecaredev\app\public\wp-content\plugins\event-tickets\common\src\functions\utils.php on line 406
[25-Jul-2025 13:36:24 UTC] PHP Warning:  Attempt to read property "priority" on string in C:\Users\britt\Local Sites\sitecaredev\app\public\wp-content\plugins\event-tickets\common\src\functions\utils.php on line 406
[25-Jul-2025 13:36:24 UTC] PHP Warning:  Attempt to read property "priority" on string in C:\Users\britt\Local Sites\sitecaredev\app\public\wp-content\plugins\event-tickets\common\src\functions\utils.php on line 406
[25-Jul-2025 13:36:24 UTC] PHP Warning:  Attempt to read property "priority" on string in C:\Users\britt\Local Sites\sitecaredev\app\public\wp-content\plugins\event-tickets\common\src\functions\utils.php on line 406
[25-Jul-2025 13:36:24 UTC] PHP Warning:  Attempt to read property "priority" on string in C:\Users\britt\Local Sites\sitecaredev\app\public\wp-content\plugins\event-tickets\common\src\functions\utils.php on line 406
[25-Jul-2025 13:36:24 UTC] PHP Warning:  Attempt to read property "priority" on string in C:\Users\britt\Local Sites\sitecaredev\app\public\wp-content\plugins\event-tickets\common\src\functions\utils.php on line 406
[25-Jul-2025 13:36:24 UTC] PHP Warning:  Attempt to read property "priority" on string in C:\Users\britt\Local Sites\sitecaredev\app\public\wp-content\plugins\event-tickets\common\src\functions\utils.php on line 406
[25-Jul-2025 13:36:24 UTC] PHP Warning:  Attempt to read property "priority" on string in C:\Users\britt\Local Sites\sitecaredev\app\public\wp-content\plugins\event-tickets\common\src\functions\utils.php on line 406
[25-Jul-2025 13:36:24 UTC] PHP Warning:  Attempt to read property "priority" on string in C:\Users\britt\Local Sites\sitecaredev\app\public\wp-content\plugins\event-tickets\common\src\functions\utils.php on line 406
[25-Jul-2025 13:36:24 UTC] PHP Warning:  Attempt to read property "priority" on string in C:\Users\britt\Local Sites\sitecaredev\app\public\wp-content\plugins\event-tickets\common\src\functions\utils.php on line 406
[25-Jul-2025 13:36:24 UTC] PHP Warning:  Attempt to read property "priority" on string in C:\Users\britt\Local Sites\sitecaredev\app\public\wp-content\plugins\event-tickets\common\src\functions\utils.php on line 406
[25-Jul-2025 13:36:24 UTC] PHP Warning:  Attempt to read property "priority" on string in C:\Users\britt\Local Sites\sitecaredev\app\public\wp-content\plugins\event-tickets\common\src\functions\utils.php on line 406
[25-Jul-2025 13:36:24 UTC] PHP Warning:  Attempt to read property "priority" on string in C:\Users\britt\Local Sites\sitecaredev\app\public\wp-content\plugins\event-tickets\common\src\functions\utils.php on line 406
[25-Jul-2025 13:36:24 UTC] PHP Warning:  Attempt to read property "priority" on string in C:\Users\britt\Local Sites\sitecaredev\app\public\wp-content\plugins\event-tickets\common\src\functions\utils.php on line 406
[25-Jul-2025 13:36:24 UTC] PHP Warning:  Attempt to read property "priority" on string in C:\Users\britt\Local Sites\sitecaredev\app\public\wp-content\plugins\event-tickets\common\src\functions\utils.php on line 406
[25-Jul-2025 13:36:24 UTC] PHP Warning:  Attempt to read property "priority" on string in C:\Users\britt\Local Sites\sitecaredev\app\public\wp-content\plugins\event-tickets\common\src\functions\utils.php on line 406
[25-Jul-2025 13:36:24 UTC] PHP Warning:  Attempt to read property "priority" on string in C:\Users\britt\Local Sites\sitecaredev\app\public\wp-content\plugins\event-tickets\common\src\functions\utils.php on line 406
[25-Jul-2025 13:36:24 UTC] PHP Warning:  Attempt to read property "priority" on string in C:\Users\britt\Local Sites\sitecaredev\app\public\wp-content\plugins\event-tickets\common\src\functions\utils.php on line 406
[25-Jul-2025 13:36:24 UTC] PHP Warning:  Attempt to read property "priority" on string in C:\Users\britt\Local Sites\sitecaredev\app\public\wp-content\plugins\event-tickets\common\src\functions\utils.php on line 406
[25-Jul-2025 13:36:24 UTC] PHP Warning:  Attempt to read property "priority" on string in C:\Users\britt\Local Sites\sitecaredev\app\public\wp-content\plugins\event-tickets\common\src\functions\utils.php on line 406
[25-Jul-2025 13:36:24 UTC] PHP Warning:  Attempt to read property "priority" on string in C:\Users\britt\Local Sites\sitecaredev\app\public\wp-content\plugins\event-tickets\common\src\functions\utils.php on line 406
[25-Jul-2025 13:36:24 UTC] PHP Warning:  Attempt to read property "priority" on string in C:\Users\britt\Local Sites\sitecaredev\app\public\wp-content\plugins\event-tickets\common\src\functions\utils.php on line 406
[25-Jul-2025 13:36:24 UTC] PHP Warning:  Attempt to read property "priority" on string in C:\Users\britt\Local Sites\sitecaredev\app\public\wp-content\plugins\event-tickets\common\src\functions\utils.php on line 406
[25-Jul-2025 13:36:24 UTC] PHP Warning:  Attempt to read property "priority" on string in C:\Users\britt\Local Sites\sitecaredev\app\public\wp-content\plugins\event-tickets\common\src\functions\utils.php on line 406
[25-Jul-2025 13:36:24 UTC] PHP Warning:  Attempt to read property "priority" on string in C:\Users\britt\Local Sites\sitecaredev\app\public\wp-content\plugins\event-tickets\common\src\functions\utils.php on line 406
[25-Jul-2025 13:36:24 UTC] PHP Warning:  Attempt to read property "priority" on string in C:\Users\britt\Local Sites\sitecaredev\app\public\wp-content\plugins\event-tickets\common\src\functions\utils.php on line 406
[25-Jul-2025 13:36:24 UTC] PHP Warning:  Attempt to read property "priority" on string in C:\Users\britt\Local Sites\sitecaredev\app\public\wp-content\plugins\event-tickets\common\src\functions\utils.php on line 406
[25-Jul-2025 13:36:24 UTC] PHP Warning:  Attempt to read property "priority" on string in C:\Users\britt\Local Sites\sitecaredev\app\public\wp-content\plugins\event-tickets\common\src\functions\utils.php on line 406
[25-Jul-2025 13:36:24 UTC] PHP Warning:  Attempt to read property "priority" on string in C:\Users\britt\Local Sites\sitecaredev\app\public\wp-content\plugins\event-tickets\common\src\functions\utils.php on line 406
[25-Jul-2025 13:36:24 UTC] PHP Warning:  Attempt to read property "priority" on string in C:\Users\britt\Local Sites\sitecaredev\app\public\wp-content\plugins\event-tickets\common\src\functions\utils.php on line 406
[25-Jul-2025 13:36:24 UTC] PHP Warning:  Attempt to read property "priority" on string in C:\Users\britt\Local Sites\sitecaredev\app\public\wp-content\plugins\event-tickets\common\src\functions\utils.php on line 406
[25-Jul-2025 13:36:24 UTC] PHP Warning:  Attempt to read property "priority" on string in C:\Users\britt\Local Sites\sitecaredev\app\public\wp-content\plugins\event-tickets\common\src\functions\utils.php on line 406
[25-Jul-2025 13:36:24 UTC] PHP Warning:  Attempt to read property "priority" on string in C:\Users\britt\Local Sites\sitecaredev\app\public\wp-content\plugins\event-tickets\common\src\functions\utils.php on line 406
[25-Jul-2025 13:36:24 UTC] PHP Warning:  Attempt to read property "priority" on string in C:\Users\britt\Local Sites\sitecaredev\app\public\wp-content\plugins\event-tickets\common\src\functions\utils.php on line 406
[25-Jul-2025 13:36:24 UTC] PHP Warning:  Attempt to read property "priority" on string in C:\Users\britt\Local Sites\sitecaredev\app\public\wp-content\plugins\event-tickets\common\src\functions\utils.php on line 406
[25-Jul-2025 13:36:24 UTC] PHP Warning:  Attempt to read property "priority" on string in C:\Users\britt\Local Sites\sitecaredev\app\public\wp-content\plugins\event-tickets\common\src\functions\utils.php on line 406
[25-Jul-2025 13:36:24 UTC] PHP Warning:  Attempt to read property "priority" on string in C:\Users\britt\Local Sites\sitecaredev\app\public\wp-content\plugins\event-tickets\common\src\functions\utils.php on line 406
[25-Jul-2025 13:36:24 UTC] PHP Warning:  Attempt to read property "priority" on string in C:\Users\britt\Local Sites\sitecaredev\app\public\wp-content\plugins\event-tickets\common\src\functions\utils.php on line 406
[25-Jul-2025 13:36:24 UTC] PHP Warning:  Attempt to read property "priority" on string in C:\Users\britt\Local Sites\sitecaredev\app\public\wp-content\plugins\event-tickets\common\src\functions\utils.php on line 406
[25-Jul-2025 13:36:24 UTC] PHP Warning:  Attempt to read property "priority" on string in C:\Users\britt\Local Sites\sitecaredev\app\public\wp-content\plugins\event-tickets\common\src\functions\utils.php on line 406
[25-Jul-2025 13:36:24 UTC] PHP Warning:  Attempt to read property "priority" on string in C:\Users\britt\Local Sites\sitecaredev\app\public\wp-content\plugins\event-tickets\common\src\functions\utils.php on line 406
[25-Jul-2025 13:36:24 UTC] PHP Warning:  Attempt to read property "priority" on string in C:\Users\britt\Local Sites\sitecaredev\app\public\wp-content\plugins\event-tickets\common\src\functions\utils.php on line 406
[25-Jul-2025 13:36:24 UTC] PHP Warning:  Attempt to read property "priority" on string in C:\Users\britt\Local Sites\sitecaredev\app\public\wp-content\plugins\event-tickets\common\src\functions\utils.php on line 406
[25-Jul-2025 13:36:24 UTC] PHP Warning:  Attempt to read property "priority" on string in C:\Users\britt\Local Sites\sitecaredev\app\public\wp-content\plugins\event-tickets\common\src\functions\utils.php on line 406
[25-Jul-2025 13:36:24 UTC] PHP Warning:  Attempt to read property "priority" on string in C:\Users\britt\Local Sites\sitecaredev\app\public\wp-content\plugins\event-tickets\common\src\functions\utils.php on line 406
[25-Jul-2025 13:36:24 UTC] PHP Warning:  Attempt to read property "priority" on string in C:\Users\britt\Local Sites\sitecaredev\app\public\wp-content\plugins\event-tickets\common\src\functions\utils.php on line 406
[25-Jul-2025 13:36:24 UTC] PHP Warning:  Attempt to read property "priority" on string in C:\Users\britt\Local Sites\sitecaredev\app\public\wp-content\plugins\event-tickets\common\src\functions\utils.php on line 406
[25-Jul-2025 13:36:24 UTC] PHP Warning:  Attempt to read property "priority" on string in C:\Users\britt\Local Sites\sitecaredev\app\public\wp-content\plugins\event-tickets\common\src\functions\utils.php on line 406
[25-Jul-2025 13:36:24 UTC] PHP Warning:  Attempt to read property "priority" on string in C:\Users\britt\Local Sites\sitecaredev\app\public\wp-content\plugins\event-tickets\common\src\functions\utils.php on line 406
[25-Jul-2025 13:36:24 UTC] PHP Warning:  Attempt to read property "priority" on string in C:\Users\britt\Local Sites\sitecaredev\app\public\wp-content\plugins\event-tickets\common\src\functions\utils.php on line 406
[25-Jul-2025 13:36:24 UTC] PHP Warning:  Attempt to read property "priority" on string in C:\Users\britt\Local Sites\sitecaredev\app\public\wp-content\plugins\event-tickets\common\src\functions\utils.php on line 406
[25-Jul-2025 13:36:24 UTC] PHP Warning:  Attempt to read property "priority" on string in C:\Users\britt\Local Sites\sitecaredev\app\public\wp-content\plugins\event-tickets\common\src\functions\utils.php on line 406
[25-Jul-2025 13:36:24 UTC] PHP Warning:  Attempt to read property "priority" on string in C:\Users\britt\Local Sites\sitecaredev\app\public\wp-content\plugins\event-tickets\common\src\functions\utils.php on line 406
[25-Jul-2025 13:36:24 UTC] PHP Warning:  Attempt to read property "priority" on string in C:\Users\britt\Local Sites\sitecaredev\app\public\wp-content\plugins\event-tickets\common\src\functions\utils.php on line 406
[25-Jul-2025 13:36:24 UTC] PHP Warning:  Attempt to read property "priority" on string in C:\Users\britt\Local Sites\sitecaredev\app\public\wp-content\plugins\event-tickets\common\src\functions\utils.php on line 406
[25-Jul-2025 13:36:24 UTC] PHP Warning:  Attempt to read property "priority" on string in C:\Users\britt\Local Sites\sitecaredev\app\public\wp-content\plugins\event-tickets\common\src\functions\utils.php on line 406
[25-Jul-2025 13:36:24 UTC] PHP Warning:  Attempt to read property "priority" on string in C:\Users\britt\Local Sites\sitecaredev\app\public\wp-content\plugins\event-tickets\common\src\functions\utils.php on line 406
[25-Jul-2025 13:36:24 UTC] PHP Warning:  Attempt to read property "priority" on string in C:\Users\britt\Local Sites\sitecaredev\app\public\wp-content\plugins\event-tickets\common\src\functions\utils.php on line 406
[25-Jul-2025 13:36:24 UTC] PHP Warning:  Attempt to read property "priority" on string in C:\Users\britt\Local Sites\sitecaredev\app\public\wp-content\plugins\event-tickets\common\src\functions\utils.php on line 406
[25-Jul-2025 13:36:24 UTC] PHP Warning:  Attempt to read property "priority" on string in C:\Users\britt\Local Sites\sitecaredev\app\public\wp-content\plugins\event-tickets\common\src\functions\utils.php on line 406
[25-Jul-2025 13:36:24 UTC] PHP Warning:  Attempt to read property "priority" on string in C:\Users\britt\Local Sites\sitecaredev\app\public\wp-content\plugins\event-tickets\common\src\functions\utils.php on line 406
[25-Jul-2025 13:36:24 UTC] PHP Warning:  Attempt to read property "priority" on string in C:\Users\britt\Local Sites\sitecaredev\app\public\wp-content\plugins\event-tickets\common\src\functions\utils.php on line 406
[25-Jul-2025 13:36:24 UTC] PHP Warning:  Attempt to read property "priority" on string in C:\Users\britt\Local Sites\sitecaredev\app\public\wp-content\plugins\event-tickets\common\src\functions\utils.php on line 406
[25-Jul-2025 13:36:24 UTC] PHP Warning:  Attempt to read property "priority" on string in C:\Users\britt\Local Sites\sitecaredev\app\public\wp-content\plugins\event-tickets\common\src\functions\utils.php on line 406
[25-Jul-2025 13:36:24 UTC] PHP Warning:  Attempt to read property "priority" on string in C:\Users\britt\Local Sites\sitecaredev\app\public\wp-content\plugins\event-tickets\common\src\functions\utils.php on line 406
[25-Jul-2025 13:36:24 UTC] PHP Warning:  Attempt to read property "priority" on string in C:\Users\britt\Local Sites\sitecaredev\app\public\wp-content\plugins\event-tickets\common\src\functions\utils.php on line 406
[25-Jul-2025 13:36:24 UTC] PHP Warning:  Attempt to read property "priority" on string in C:\Users\britt\Local Sites\sitecaredev\app\public\wp-content\plugins\event-tickets\common\src\functions\utils.php on line 406
[25-Jul-2025 13:36:24 UTC] PHP Warning:  Attempt to read property "priority" on string in C:\Users\britt\Local Sites\sitecaredev\app\public\wp-content\plugins\event-tickets\common\src\functions\utils.php on line 406
[25-Jul-2025 13:36:24 UTC] PHP Warning:  Attempt to read property "priority" on string in C:\Users\britt\Local Sites\sitecaredev\app\public\wp-content\plugins\event-tickets\common\src\functions\utils.php on line 406
[25-Jul-2025 13:36:24 UTC] PHP Warning:  Attempt to read property "priority" on string in C:\Users\britt\Local Sites\sitecaredev\app\public\wp-content\plugins\event-tickets\common\src\functions\utils.php on line 406
[25-Jul-2025 13:36:24 UTC] PHP Warning:  Attempt to read property "priority" on string in C:\Users\britt\Local Sites\sitecaredev\app\public\wp-content\plugins\event-tickets\common\src\functions\utils.php on line 406
[25-Jul-2025 13:36:24 UTC] PHP Warning:  Attempt to read property "priority" on string in C:\Users\britt\Local Sites\sitecaredev\app\public\wp-content\plugins\event-tickets\common\src\functions\utils.php on line 406
[25-Jul-2025 13:36:24 UTC] PHP Warning:  Attempt to read property "priority" on string in C:\Users\britt\Local Sites\sitecaredev\app\public\wp-content\plugins\event-tickets\common\src\functions\utils.php on line 406
[25-Jul-2025 13:36:24 UTC] PHP Warning:  Attempt to read property "priority" on string in C:\Users\britt\Local Sites\sitecaredev\app\public\wp-content\plugins\event-tickets\common\src\functions\utils.php on line 406
[25-Jul-2025 13:36:24 UTC] PHP Warning:  Attempt to read property "priority" on string in C:\Users\britt\Local Sites\sitecaredev\app\public\wp-content\plugins\event-tickets\common\src\functions\utils.php on line 406
[25-Jul-2025 13:36:24 UTC] PHP Warning:  Attempt to read property "priority" on string in C:\Users\britt\Local Sites\sitecaredev\app\public\wp-content\plugins\event-tickets\common\src\functions\utils.php on line 406
[25-Jul-2025 13:36:24 UTC] PHP Warning:  Attempt to read property "priority" on string in C:\Users\britt\Local Sites\sitecaredev\app\public\wp-content\plugins\event-tickets\common\src\functions\utils.php on line 406
[25-Jul-2025 13:36:24 UTC] PHP Warning:  Attempt to read property "priority" on string in C:\Users\britt\Local Sites\sitecaredev\app\public\wp-content\plugins\event-tickets\common\src\functions\utils.php on line 406
[25-Jul-2025 13:36:24 UTC] PHP Warning:  Attempt to read property "priority" on string in C:\Users\britt\Local Sites\sitecaredev\app\public\wp-content\plugins\event-tickets\common\src\functions\utils.php on line 406
[25-Jul-2025 13:36:24 UTC] PHP Warning:  Attempt to read property "priority" on string in C:\Users\britt\Local Sites\sitecaredev\app\public\wp-content\plugins\event-tickets\common\src\functions\utils.php on line 406
[25-Jul-2025 13:36:24 UTC] PHP Warning:  Attempt to read property "priority" on string in C:\Users\britt\Local Sites\sitecaredev\app\public\wp-content\plugins\event-tickets\common\src\functions\utils.php on line 406
[25-Jul-2025 13:36:24 UTC] PHP Warning:  Attempt to read property "priority" on string in C:\Users\britt\Local Sites\sitecaredev\app\public\wp-content\plugins\event-tickets\common\src\functions\utils.php on line 406
[25-Jul-2025 13:36:24 UTC] PHP Warning:  Attempt to read property "priority" on string in C:\Users\britt\Local Sites\sitecaredev\app\public\wp-content\plugins\event-tickets\common\src\functions\utils.php on line 406
[25-Jul-2025 13:36:24 UTC] PHP Warning:  Attempt to read property "priority" on string in C:\Users\britt\Local Sites\sitecaredev\app\public\wp-content\plugins\event-tickets\common\src\functions\utils.php on line 406
[25-Jul-2025 13:36:24 UTC] PHP Warning:  Attempt to read property "priority" on string in C:\Users\britt\Local Sites\sitecaredev\app\public\wp-content\plugins\event-tickets\common\src\functions\utils.php on line 406
[25-Jul-2025 13:36:24 UTC] PHP Warning:  Attempt to read property "priority" on string in C:\Users\britt\Local Sites\sitecaredev\app\public\wp-content\plugins\event-tickets\common\src\functions\utils.php on line 406
[25-Jul-2025 13:36:24 UTC] PHP Warning:  Attempt to read property "priority" on string in C:\Users\britt\Local Sites\sitecaredev\app\public\wp-content\plugins\event-tickets\common\src\functions\utils.php on line 406
[25-Jul-2025 13:36:24 UTC] PHP Warning:  Attempt to read property "priority" on string in C:\Users\britt\Local Sites\sitecaredev\app\public\wp-content\plugins\event-tickets\common\src\functions\utils.php on line 406
[25-Jul-2025 13:36:24 UTC] PHP Warning:  Attempt to read property "priority" on string in C:\Users\britt\Local Sites\sitecaredev\app\public\wp-content\plugins\event-tickets\common\src\functions\utils.php on line 406
[25-Jul-2025 13:36:24 UTC] PHP Warning:  Attempt to read property "priority" on string in C:\Users\britt\Local Sites\sitecaredev\app\public\wp-content\plugins\event-tickets\common\src\functions\utils.php on line 406
[25-Jul-2025 13:36:24 UTC] PHP Warning:  Attempt to read property "priority" on string in C:\Users\britt\Local Sites\sitecaredev\app\public\wp-content\plugins\event-tickets\common\src\functions\utils.php on line 406
[25-Jul-2025 13:36:24 UTC] PHP Warning:  Attempt to read property "priority" on string in C:\Users\britt\Local Sites\sitecaredev\app\public\wp-content\plugins\event-tickets\common\src\functions\utils.php on line 406
[25-Jul-2025 13:36:24 UTC] PHP Warning:  Attempt to read property "priority" on string in C:\Users\britt\Local Sites\sitecaredev\app\public\wp-content\plugins\event-tickets\common\src\functions\utils.php on line 406
[25-Jul-2025 13:36:24 UTC] PHP Warning:  Attempt to read property "priority" on string in C:\Users\britt\Local Sites\sitecaredev\app\public\wp-content\plugins\event-tickets\common\src\functions\utils.php on line 406
[25-Jul-2025 13:36:24 UTC] PHP Warning:  Attempt to read property "priority" on string in C:\Users\britt\Local Sites\sitecaredev\app\public\wp-content\plugins\event-tickets\common\src\functions\utils.php on line 406
[25-Jul-2025 13:36:24 UTC] PHP Warning:  Attempt to read property "priority" on string in C:\Users\britt\Local Sites\sitecaredev\app\public\wp-content\plugins\event-tickets\common\src\functions\utils.php on line 406
[25-Jul-2025 13:36:24 UTC] PHP Warning:  Attempt to read property "priority" on string in C:\Users\britt\Local Sites\sitecaredev\app\public\wp-content\plugins\event-tickets\common\src\functions\utils.php on line 406
[25-Jul-2025 13:36:24 UTC] PHP Warning:  Attempt to read property "priority" on string in C:\Users\britt\Local Sites\sitecaredev\app\public\wp-content\plugins\event-tickets\common\src\functions\utils.php on line 406
[25-Jul-2025 13:36:24 UTC] PHP Warning:  Attempt to read property "priority" on string in C:\Users\britt\Local Sites\sitecaredev\app\public\wp-content\plugins\event-tickets\common\src\functions\utils.php on line 406
[25-Jul-2025 13:36:24 UTC] PHP Warning:  Attempt to read property "priority" on string in C:\Users\britt\Local Sites\sitecaredev\app\public\wp-content\plugins\event-tickets\common\src\functions\utils.php on line 406
[25-Jul-2025 13:36:24 UTC] PHP Warning:  Attempt to read property "priority" on string in C:\Users\britt\Local Sites\sitecaredev\app\public\wp-content\plugins\event-tickets\common\src\functions\utils.php on line 406
[25-Jul-2025 13:36:24 UTC] PHP Warning:  Attempt to read property "priority" on string in C:\Users\britt\Local Sites\sitecaredev\app\public\wp-content\plugins\event-tickets\common\src\functions\utils.php on line 406
[25-Jul-2025 13:36:24 UTC] PHP Warning:  Attempt to read property "priority" on string in C:\Users\britt\Local Sites\sitecaredev\app\public\wp-content\plugins\event-tickets\common\src\functions\utils.php on line 406
[25-Jul-2025 13:36:24 UTC] PHP Warning:  Attempt to read property "priority" on string in C:\Users\britt\Local Sites\sitecaredev\app\public\wp-content\plugins\event-tickets\common\src\functions\utils.php on line 406
[25-Jul-2025 13:36:24 UTC] PHP Warning:  Attempt to read property "priority" on string in C:\Users\britt\Local Sites\sitecaredev\app\public\wp-content\plugins\event-tickets\common\src\functions\utils.php on line 406
[25-Jul-2025 13:36:24 UTC] PHP Warning:  Attempt to read property "priority" on string in C:\Users\britt\Local Sites\sitecaredev\app\public\wp-content\plugins\event-tickets\common\src\functions\utils.php on line 406
[25-Jul-2025 13:36:24 UTC] PHP Warning:  Attempt to read property "priority" on string in C:\Users\britt\Local Sites\sitecaredev\app\public\wp-content\plugins\event-tickets\common\src\functions\utils.php on line 406
[25-Jul-2025 13:36:24 UTC] PHP Warning:  Attempt to read property "priority" on string in C:\Users\britt\Local Sites\sitecaredev\app\public\wp-content\plugins\event-tickets\common\src\functions\utils.php on line 406
[25-Jul-2025 13:36:24 UTC] PHP Warning:  Attempt to read property "priority" on string in C:\Users\britt\Local Sites\sitecaredev\app\public\wp-content\plugins\event-tickets\common\src\functions\utils.php on line 406
[25-Jul-2025 13:36:24 UTC] PHP Warning:  Attempt to read property "priority" on string in C:\Users\britt\Local Sites\sitecaredev\app\public\wp-content\plugins\event-tickets\common\src\functions\utils.php on line 406
[25-Jul-2025 13:36:24 UTC] PHP Warning:  Attempt to read property "priority" on string in C:\Users\britt\Local Sites\sitecaredev\app\public\wp-content\plugins\event-tickets\common\src\functions\utils.php on line 406
[25-Jul-2025 13:36:24 UTC] PHP Warning:  Attempt to read property "priority" on string in C:\Users\britt\Local Sites\sitecaredev\app\public\wp-content\plugins\event-tickets\common\src\functions\utils.php on line 406
[25-Jul-2025 13:36:24 UTC] PHP Warning:  Attempt to read property "priority" on string in C:\Users\britt\Local Sites\sitecaredev\app\public\wp-content\plugins\event-tickets\common\src\functions\utils.php on line 406
[25-Jul-2025 13:36:24 UTC] PHP Warning:  Attempt to read property "priority" on string in C:\Users\britt\Local Sites\sitecaredev\app\public\wp-content\plugins\event-tickets\common\src\functions\utils.php on line 406
[25-Jul-2025 13:36:24 UTC] PHP Warning:  Attempt to read property "priority" on string in C:\Users\britt\Local Sites\sitecaredev\app\public\wp-content\plugins\event-tickets\common\src\functions\utils.php on line 406
[25-Jul-2025 13:36:24 UTC] PHP Warning:  Attempt to read property "priority" on string in C:\Users\britt\Local Sites\sitecaredev\app\public\wp-content\plugins\event-tickets\common\src\functions\utils.php on line 406
[25-Jul-2025 13:36:24 UTC] PHP Warning:  Attempt to read property "priority" on string in C:\Users\britt\Local Sites\sitecaredev\app\public\wp-content\plugins\event-tickets\common\src\functions\utils.php on line 406
[25-Jul-2025 13:36:24 UTC] PHP Warning:  Attempt to read property "priority" on string in C:\Users\britt\Local Sites\sitecaredev\app\public\wp-content\plugins\event-tickets\common\src\functions\utils.php on line 406
[25-Jul-2025 13:36:24 UTC] PHP Warning:  Attempt to read property "priority" on string in C:\Users\britt\Local Sites\sitecaredev\app\public\wp-content\plugins\event-tickets\common\src\functions\utils.php on line 406
[25-Jul-2025 13:36:24 UTC] PHP Warning:  Attempt to read property "priority" on string in C:\Users\britt\Local Sites\sitecaredev\app\public\wp-content\plugins\event-tickets\common\src\functions\utils.php on line 406
[25-Jul-2025 13:36:24 UTC] PHP Warning:  Attempt to read property "priority" on string in C:\Users\britt\Local Sites\sitecaredev\app\public\wp-content\plugins\event-tickets\common\src\functions\utils.php on line 406
[25-Jul-2025 13:36:24 UTC] PHP Warning:  Attempt to read property "priority" on string in C:\Users\britt\Local Sites\sitecaredev\app\public\wp-content\plugins\event-tickets\common\src\functions\utils.php on line 406
[25-Jul-2025 13:36:24 UTC] PHP Warning:  Attempt to read property "priority" on string in C:\Users\britt\Local Sites\sitecaredev\app\public\wp-content\plugins\event-tickets\common\src\functions\utils.php on line 406
[25-Jul-2025 13:36:24 UTC] PHP Warning:  Attempt to read property "priority" on string in C:\Users\britt\Local Sites\sitecaredev\app\public\wp-content\plugins\event-tickets\common\src\functions\utils.php on line 406
[25-Jul-2025 13:36:24 UTC] PHP Warning:  Attempt to read property "priority" on string in C:\Users\britt\Local Sites\sitecaredev\app\public\wp-content\plugins\event-tickets\common\src\functions\utils.php on line 406
[25-Jul-2025 13:36:24 UTC] PHP Warning:  Attempt to read property "priority" on string in C:\Users\britt\Local Sites\sitecaredev\app\public\wp-content\plugins\event-tickets\common\src\functions\utils.php on line 406
[25-Jul-2025 13:36:24 UTC] PHP Warning:  Attempt to read property "priority" on string in C:\Users\britt\Local Sites\sitecaredev\app\public\wp-content\plugins\event-tickets\common\src\functions\utils.php on line 406
[25-Jul-2025 13:36:24 UTC] PHP Warning:  Attempt to read property "priority" on string in C:\Users\britt\Local Sites\sitecaredev\app\public\wp-content\plugins\event-tickets\common\src\functions\utils.php on line 406
[25-Jul-2025 13:36:24 UTC] PHP Warning:  Attempt to read property "priority" on string in C:\Users\britt\Local Sites\sitecaredev\app\public\wp-content\plugins\event-tickets\common\src\functions\utils.php on line 406
[25-Jul-2025 13:36:24 UTC] PHP Warning:  Attempt to read property "priority" on string in C:\Users\britt\Local Sites\sitecaredev\app\public\wp-content\plugins\event-tickets\common\src\functions\utils.php on line 406
[25-Jul-2025 13:36:24 UTC] PHP Warning:  Attempt to read property "priority" on string in C:\Users\britt\Local Sites\sitecaredev\app\public\wp-content\plugins\event-tickets\common\src\functions\utils.php on line 406
[25-Jul-2025 13:36:24 UTC] PHP Warning:  Attempt to read property "priority" on string in C:\Users\britt\Local Sites\sitecaredev\app\public\wp-content\plugins\event-tickets\common\src\functions\utils.php on line 406
[25-Jul-2025 13:36:24 UTC] PHP Warning:  Attempt to read property "priority" on string in C:\Users\britt\Local Sites\sitecaredev\app\public\wp-content\plugins\event-tickets\common\src\functions\utils.php on line 406
[25-Jul-2025 13:36:24 UTC] PHP Warning:  Attempt to read property "priority" on string in C:\Users\britt\Local Sites\sitecaredev\app\public\wp-content\plugins\event-tickets\common\src\functions\utils.php on line 406
[25-Jul-2025 13:36:24 UTC] PHP Warning:  Attempt to read property "priority" on string in C:\Users\britt\Local Sites\sitecaredev\app\public\wp-content\plugins\event-tickets\common\src\functions\utils.php on line 406
[25-Jul-2025 13:36:24 UTC] PHP Warning:  Attempt to read property "priority" on string in C:\Users\britt\Local Sites\sitecaredev\app\public\wp-content\plugins\event-tickets\common\src\functions\utils.php on line 406
[25-Jul-2025 13:36:24 UTC] PHP Warning:  Attempt to read property "priority" on string in C:\Users\britt\Local Sites\sitecaredev\app\public\wp-content\plugins\event-tickets\common\src\functions\utils.php on line 406
[25-Jul-2025 13:36:24 UTC] PHP Warning:  Attempt to read property "priority" on string in C:\Users\britt\Local Sites\sitecaredev\app\public\wp-content\plugins\event-tickets\common\src\functions\utils.php on line 406
[25-Jul-2025 13:36:24 UTC] PHP Warning:  Attempt to read property "priority" on string in C:\Users\britt\Local Sites\sitecaredev\app\public\wp-content\plugins\event-tickets\common\src\functions\utils.php on line 406
[25-Jul-2025 13:36:24 UTC] PHP Warning:  Attempt to read property "priority" on string in C:\Users\britt\Local Sites\sitecaredev\app\public\wp-content\plugins\event-tickets\common\src\functions\utils.php on line 406
[25-Jul-2025 13:36:24 UTC] PHP Warning:  Attempt to read property "priority" on string in C:\Users\britt\Local Sites\sitecaredev\app\public\wp-content\plugins\event-tickets\common\src\functions\utils.php on line 406
[25-Jul-2025 13:36:24 UTC] PHP Warning:  Attempt to read property "priority" on string in C:\Users\britt\Local Sites\sitecaredev\app\public\wp-content\plugins\event-tickets\common\src\functions\utils.php on line 406
[25-Jul-2025 13:36:24 UTC] PHP Warning:  Attempt to read property "priority" on string in C:\Users\britt\Local Sites\sitecaredev\app\public\wp-content\plugins\event-tickets\common\src\functions\utils.php on line 406
[25-Jul-2025 13:36:24 UTC] PHP Warning:  Attempt to read property "priority" on string in C:\Users\britt\Local Sites\sitecaredev\app\public\wp-content\plugins\event-tickets\common\src\functions\utils.php on line 406
[25-Jul-2025 13:36:24 UTC] PHP Warning:  Attempt to read property "priority" on string in C:\Users\britt\Local Sites\sitecaredev\app\public\wp-content\plugins\event-tickets\common\src\functions\utils.php on line 406
[25-Jul-2025 13:36:24 UTC] PHP Warning:  Attempt to read property "priority" on string in C:\Users\britt\Local Sites\sitecaredev\app\public\wp-content\plugins\event-tickets\common\src\functions\utils.php on line 406
[25-Jul-2025 13:36:24 UTC] PHP Warning:  Attempt to read property "priority" on string in C:\Users\britt\Local Sites\sitecaredev\app\public\wp-content\plugins\event-tickets\common\src\functions\utils.php on line 406
[25-Jul-2025 13:36:24 UTC] PHP Warning:  Attempt to read property "priority" on string in C:\Users\britt\Local Sites\sitecaredev\app\public\wp-content\plugins\event-tickets\common\src\functions\utils.php on line 406
[25-Jul-2025 13:36:24 UTC] PHP Warning:  Attempt to read property "priority" on string in C:\Users\britt\Local Sites\sitecaredev\app\public\wp-content\plugins\event-tickets\common\src\functions\utils.php on line 406
[25-Jul-2025 13:36:24 UTC] PHP Warning:  Attempt to read property "priority" on string in C:\Users\britt\Local Sites\sitecaredev\app\public\wp-content\plugins\event-tickets\common\src\functions\utils.php on line 406
[25-Jul-2025 13:36:24 UTC] PHP Warning:  Attempt to read property "priority" on string in C:\Users\britt\Local Sites\sitecaredev\app\public\wp-content\plugins\event-tickets\common\src\functions\utils.php on line 406
[25-Jul-2025 13:36:24 UTC] PHP Warning:  Attempt to read property "priority" on string in C:\Users\britt\Local Sites\sitecaredev\app\public\wp-content\plugins\event-tickets\common\src\functions\utils.php on line 406
[25-Jul-2025 13:36:24 UTC] PHP Warning:  Attempt to read property "priority" on string in C:\Users\britt\Local Sites\sitecaredev\app\public\wp-content\plugins\event-tickets\common\src\functions\utils.php on line 406
[25-Jul-2025 13:36:24 UTC] PHP Warning:  Attempt to read property "priority" on string in C:\Users\britt\Local Sites\sitecaredev\app\public\wp-content\plugins\event-tickets\common\src\functions\utils.php on line 406
[25-Jul-2025 13:36:24 UTC] PHP Warning:  Attempt to read property "priority" on string in C:\Users\britt\Local Sites\sitecaredev\app\public\wp-content\plugins\event-tickets\common\src\functions\utils.php on line 406
[25-Jul-2025 13:36:24 UTC] PHP Warning:  Attempt to read property "priority" on string in C:\Users\britt\Local Sites\sitecaredev\app\public\wp-content\plugins\event-tickets\common\src\functions\utils.php on line 406
[25-Jul-2025 13:36:24 UTC] PHP Warning:  Attempt to read property "priority" on string in C:\Users\britt\Local Sites\sitecaredev\app\public\wp-content\plugins\event-tickets\common\src\functions\utils.php on line 406
[25-Jul-2025 13:36:24 UTC] PHP Warning:  Attempt to read property "priority" on string in C:\Users\britt\Local Sites\sitecaredev\app\public\wp-content\plugins\event-tickets\common\src\functions\utils.php on line 406
[25-Jul-2025 13:36:24 UTC] PHP Warning:  Attempt to read property "priority" on string in C:\Users\britt\Local Sites\sitecaredev\app\public\wp-content\plugins\event-tickets\common\src\functions\utils.php on line 406
[25-Jul-2025 13:36:24 UTC] PHP Warning:  Attempt to read property "priority" on string in C:\Users\britt\Local Sites\sitecaredev\app\public\wp-content\plugins\event-tickets\common\src\functions\utils.php on line 406
[25-Jul-2025 13:36:24 UTC] PHP Warning:  Attempt to read property "priority" on string in C:\Users\britt\Local Sites\sitecaredev\app\public\wp-content\plugins\event-tickets\common\src\functions\utils.php on line 406
[25-Jul-2025 13:36:24 UTC] PHP Warning:  Attempt to read property "priority" on string in C:\Users\britt\Local Sites\sitecaredev\app\public\wp-content\plugins\event-tickets\common\src\functions\utils.php on line 406
[25-Jul-2025 13:36:24 UTC] PHP Warning:  Attempt to read property "priority" on string in C:\Users\britt\Local Sites\sitecaredev\app\public\wp-content\plugins\event-tickets\common\src\functions\utils.php on line 406
[25-Jul-2025 13:36:24 UTC] PHP Warning:  Attempt to read property "priority" on string in C:\Users\britt\Local Sites\sitecaredev\app\public\wp-content\plugins\event-tickets\common\src\functions\utils.php on line 406
[25-Jul-2025 13:36:24 UTC] PHP Warning:  Attempt to read property "priority" on string in C:\Users\britt\Local Sites\sitecaredev\app\public\wp-content\plugins\event-tickets\common\src\functions\utils.php on line 406
[25-Jul-2025 13:36:24 UTC] PHP Warning:  Attempt to read property "priority" on string in C:\Users\britt\Local Sites\sitecaredev\app\public\wp-content\plugins\event-tickets\common\src\functions\utils.php on line 406
[25-Jul-2025 13:36:24 UTC] PHP Warning:  Attempt to read property "priority" on string in C:\Users\britt\Local Sites\sitecaredev\app\public\wp-content\plugins\event-tickets\common\src\functions\utils.php on line 406
[25-Jul-2025 13:36:24 UTC] PHP Warning:  Attempt to read property "priority" on string in C:\Users\britt\Local Sites\sitecaredev\app\public\wp-content\plugins\event-tickets\common\src\functions\utils.php on line 406
[25-Jul-2025 13:36:24 UTC] PHP Warning:  Attempt to read property "priority" on string in C:\Users\britt\Local Sites\sitecaredev\app\public\wp-content\plugins\event-tickets\common\src\functions\utils.php on line 406
[25-Jul-2025 13:36:24 UTC] PHP Warning:  Attempt to read property "priority" on string in C:\Users\britt\Local Sites\sitecaredev\app\public\wp-content\plugins\event-tickets\common\src\functions\utils.php on line 406
[25-Jul-2025 13:36:24 UTC] PHP Warning:  Attempt to read property "priority" on string in C:\Users\britt\Local Sites\sitecaredev\app\public\wp-content\plugins\event-tickets\common\src\functions\utils.php on line 406
[25-Jul-2025 13:36:24 UTC] PHP Warning:  Attempt to read property "priority" on string in C:\Users\britt\Local Sites\sitecaredev\app\public\wp-content\plugins\event-tickets\common\src\functions\utils.php on line 406
[25-Jul-2025 13:36:24 UTC] PHP Warning:  Attempt to read property "priority" on string in C:\Users\britt\Local Sites\sitecaredev\app\public\wp-content\plugins\event-tickets\common\src\functions\utils.php on line 406
[25-Jul-2025 13:36:24 UTC] PHP Warning:  Attempt to read property "priority" on string in C:\Users\britt\Local Sites\sitecaredev\app\public\wp-content\plugins\event-tickets\common\src\functions\utils.php on line 406
[25-Jul-2025 13:36:24 UTC] PHP Warning:  Attempt to read property "priority" on string in C:\Users\britt\Local Sites\sitecaredev\app\public\wp-content\plugins\event-tickets\common\src\functions\utils.php on line 406
[25-Jul-2025 13:36:24 UTC] PHP Warning:  Attempt to read property "priority" on string in C:\Users\britt\Local Sites\sitecaredev\app\public\wp-content\plugins\event-tickets\common\src\functions\utils.php on line 406
[25-Jul-2025 13:36:24 UTC] PHP Warning:  Attempt to read property "priority" on string in C:\Users\britt\Local Sites\sitecaredev\app\public\wp-content\plugins\event-tickets\common\src\functions\utils.php on line 406
[25-Jul-2025 13:36:24 UTC] PHP Warning:  Attempt to read property "priority" on string in C:\Users\britt\Local Sites\sitecaredev\app\public\wp-content\plugins\event-tickets\common\src\functions\utils.php on line 406
[25-Jul-2025 13:36:24 UTC] PHP Warning:  Attempt to read property "priority" on string in C:\Users\britt\Local Sites\sitecaredev\app\public\wp-content\plugins\event-tickets\common\src\functions\utils.php on line 406
[25-Jul-2025 13:36:24 UTC] PHP Warning:  Attempt to read property "priority" on string in C:\Users\britt\Local Sites\sitecaredev\app\public\wp-content\plugins\event-tickets\common\src\functions\utils.php on line 406
[25-Jul-2025 13:36:24 UTC] PHP Warning:  Attempt to read property "priority" on string in C:\Users\britt\Local Sites\sitecaredev\app\public\wp-content\plugins\event-tickets\common\src\functions\utils.php on line 406
[25-Jul-2025 13:36:24 UTC] PHP Warning:  Attempt to read property "priority" on string in C:\Users\britt\Local Sites\sitecaredev\app\public\wp-content\plugins\event-tickets\common\src\functions\utils.php on line 406
[25-Jul-2025 13:36:24 UTC] PHP Warning:  Attempt to read property "priority" on string in C:\Users\britt\Local Sites\sitecaredev\app\public\wp-content\plugins\event-tickets\common\src\functions\utils.php on line 406
[25-Jul-2025 13:36:24 UTC] PHP Warning:  Attempt to read property "priority" on string in C:\Users\britt\Local Sites\sitecaredev\app\public\wp-content\plugins\event-tickets\common\src\functions\utils.php on line 406
[25-Jul-2025 13:36:24 UTC] PHP Warning:  Attempt to read property "priority" on string in C:\Users\britt\Local Sites\sitecaredev\app\public\wp-content\plugins\event-tickets\common\src\functions\utils.php on line 406
[25-Jul-2025 13:36:24 UTC] PHP Warning:  Attempt to read property "priority" on string in C:\Users\britt\Local Sites\sitecaredev\app\public\wp-content\plugins\event-tickets\common\src\functions\utils.php on line 406
[25-Jul-2025 13:36:24 UTC] PHP Warning:  Attempt to read property "priority" on string in C:\Users\britt\Local Sites\sitecaredev\app\public\wp-content\plugins\event-tickets\common\src\functions\utils.php on line 406
[25-Jul-2025 13:36:24 UTC] PHP Warning:  Attempt to read property "priority" on string in C:\Users\britt\Local Sites\sitecaredev\app\public\wp-content\plugins\event-tickets\common\src\functions\utils.php on line 406
[25-Jul-2025 13:36:24 UTC] PHP Warning:  Attempt to read property "priority" on string in C:\Users\britt\Local Sites\sitecaredev\app\public\wp-content\plugins\event-tickets\common\src\functions\utils.php on line 406
[25-Jul-2025 13:36:24 UTC] PHP Warning:  Attempt to read property "priority" on string in C:\Users\britt\Local Sites\sitecaredev\app\public\wp-content\plugins\event-tickets\common\src\functions\utils.php on line 406
[25-Jul-2025 13:36:24 UTC] PHP Warning:  Attempt to read property "priority" on string in C:\Users\britt\Local Sites\sitecaredev\app\public\wp-content\plugins\event-tickets\common\src\functions\utils.php on line 406
[25-Jul-2025 13:36:24 UTC] PHP Warning:  Attempt to read property "priority" on string in C:\Users\britt\Local Sites\sitecaredev\app\public\wp-content\plugins\event-tickets\common\src\functions\utils.php on line 406
[25-Jul-2025 13:36:24 UTC] PHP Warning:  Attempt to read property "priority" on string in C:\Users\britt\Local Sites\sitecaredev\app\public\wp-content\plugins\event-tickets\common\src\functions\utils.php on line 406
[25-Jul-2025 14:13:27 UTC] Tribe custom template paths: Array
(
    [0] => Array
        (
            [path] => C:\Users\britt\Local Sites\sitecaredev\app\public\wp-content\plugins\tribe-firstlast-fields/tribe/
            [priority] => 11
            [namespace] => 
        )

    [plugin] => Array
        (
            [id] => plugin
            [priority] => 20
            [path] => C:\Users\britt\Local Sites\sitecaredev\app\public\wp-content\plugins\the-events-calendar\src\views\v2
        )

    [common] => Array
        (
            [id] => common
            [priority] => 100
            [path] => C:\Users\britt\Local Sites\sitecaredev\app\public\wp-content\plugins\event-tickets\common\src\views\v2
        )

)

[25-Jul-2025 14:13:27 UTC] Tribe custom template paths: Array
(
    [0] => Array
        (
            [path] => C:\Users\britt\Local Sites\sitecaredev\app\public\wp-content\plugins\tribe-firstlast-fields/tribe/
            [priority] => 11
            [namespace] => 
        )

    [plugin] => Array
        (
            [id] => plugin
            [priority] => 20
            [path] => C:\Users\britt\Local Sites\sitecaredev\app\public\wp-content\plugins\the-events-calendar\src\views\v2\event-status
        )

    [common] => Array
        (
            [id] => common
            [priority] => 100
            [path] => C:\Users\britt\Local Sites\sitecaredev\app\public\wp-content\plugins\event-tickets\common\src\views\v2\event-status
        )

)

[25-Jul-2025 14:13:27 UTC] Tribe custom template paths: Array
(
    [0] => Array
        (
            [path] => C:\Users\britt\Local Sites\sitecaredev\app\public\wp-content\plugins\tribe-firstlast-fields/tribe/
            [priority] => 11
            [namespace] => 
        )

    [plugin] => Array
        (
            [id] => plugin
            [priority] => 20
            [path] => C:\Users\britt\Local Sites\sitecaredev\app\public\wp-content\plugins\the-events-calendar\src\views\v2
        )

    [common] => Array
        (
            [id] => common
            [priority] => 100
            [path] => C:\Users\britt\Local Sites\sitecaredev\app\public\wp-content\plugins\event-tickets\common\src\views\v2
        )

)

[25-Jul-2025 14:13:27 UTC] Tribe custom template paths: Array
(
    [0] => Array
        (
            [path] => C:\Users\britt\Local Sites\sitecaredev\app\public\wp-content\plugins\tribe-firstlast-fields/tribe/
            [priority] => 11
            [namespace] => 
        )

    [plugin] => Array
        (
            [id] => plugin
            [priority] => 20
            [path] => C:\Users\britt\Local Sites\sitecaredev\app\public\wp-content\plugins\the-events-calendar\src\views\v2
        )

    [common] => Array
        (
            [id] => common
            [priority] => 100
            [path] => C:\Users\britt\Local Sites\sitecaredev\app\public\wp-content\plugins\event-tickets\common\src\views\v2
        )

)

[25-Jul-2025 14:13:27 UTC] Tribe custom template paths: Array
(
    [0] => Array
        (
            [path] => C:\Users\britt\Local Sites\sitecaredev\app\public\wp-content\plugins\tribe-firstlast-fields/tribe/
            [priority] => 11
            [namespace] => 
        )

    [plugin] => Array
        (
            [id] => plugin
            [priority] => 20
            [path] => C:\Users\britt\Local Sites\sitecaredev\app\public\wp-content\plugins\the-events-calendar\src\views\v2
        )

    [common] => Array
        (
            [id] => common
            [priority] => 100
            [path] => C:\Users\britt\Local Sites\sitecaredev\app\public\wp-content\plugins\event-tickets\common\src\views\v2
        )

)

[25-Jul-2025 14:13:27 UTC] Tribe custom template paths: Array
(
    [0] => Array
        (
            [path] => C:\Users\britt\Local Sites\sitecaredev\app\public\wp-content\plugins\tribe-firstlast-fields/tribe/
            [priority] => 11
            [namespace] => 
        )

    [plugin] => Array
        (
            [id] => plugin
            [priority] => 20
            [path] => C:\Users\britt\Local Sites\sitecaredev\app\public\wp-content\plugins\the-events-calendar\src\views\v2
        )

    [common] => Array
        (
            [id] => common
            [priority] => 100
            [path] => C:\Users\britt\Local Sites\sitecaredev\app\public\wp-content\plugins\event-tickets\common\src\views\v2
        )

)

[25-Jul-2025 14:13:27 UTC] Tribe custom template paths: Array
(
    [0] => Array
        (
            [path] => C:\Users\britt\Local Sites\sitecaredev\app\public\wp-content\plugins\tribe-firstlast-fields/tribe/
            [priority] => 11
            [namespace] => 
        )

    [plugin] => Array
        (
            [id] => plugin
            [priority] => 20
            [path] => C:\Users\britt\Local Sites\sitecaredev\app\public\wp-content\plugins\event-tickets\src\views
        )

    [common] => Array
        (
            [id] => common
            [priority] => 100
            [path] => C:\Users\britt\Local Sites\sitecaredev\app\public\wp-content\plugins\event-tickets\common\src\views
        )

)

[25-Jul-2025 14:13:27 UTC] Tribe custom template paths: Array
(
    [0] => Array
        (
            [path] => C:\Users\britt\Local Sites\sitecaredev\app\public\wp-content\plugins\tribe-firstlast-fields/tribe/
            [priority] => 11
            [namespace] => 
        )

    [plugin] => Array
        (
            [id] => plugin
            [priority] => 20
            [path] => C:\Users\britt\Local Sites\sitecaredev\app\public\wp-content\plugins\event-tickets\src\views
        )

    [common] => Array
        (
            [id] => common
            [priority] => 100
            [path] => C:\Users\britt\Local Sites\sitecaredev\app\public\wp-content\plugins\event-tickets\common\src\views
        )

)

[25-Jul-2025 14:13:27 UTC] Tribe custom template paths: Array
(
    [0] => Array
        (
            [path] => C:\Users\britt\Local Sites\sitecaredev\app\public\wp-content\plugins\tribe-firstlast-fields/tribe/
            [priority] => 11
            [namespace] => 
        )

    [plugin] => Array
        (
            [id] => plugin
            [priority] => 20
            [path] => C:\Users\britt\Local Sites\sitecaredev\app\public\wp-content\plugins\event-tickets\src\views
        )

    [common] => Array
        (
            [id] => common
            [priority] => 100
            [path] => C:\Users\britt\Local Sites\sitecaredev\app\public\wp-content\plugins\event-tickets\common\src\views
        )

)

[25-Jul-2025 14:13:27 UTC] Tribe custom template paths: Array
(
    [0] => Array
        (
            [path] => C:\Users\britt\Local Sites\sitecaredev\app\public\wp-content\plugins\tribe-firstlast-fields/tribe/
            [priority] => 11
            [namespace] => 
        )

    [plugin] => Array
        (
            [id] => plugin
            [priority] => 20
            [path] => C:\Users\britt\Local Sites\sitecaredev\app\public\wp-content\plugins\event-tickets\src\views
        )

    [common] => Array
        (
            [id] => common
            [priority] => 100
            [path] => C:\Users\britt\Local Sites\sitecaredev\app\public\wp-content\plugins\event-tickets\common\src\views
        )

)

[25-Jul-2025 14:13:27 UTC] Tribe custom template paths: Array
(
    [0] => Array
        (
            [path] => C:\Users\britt\Local Sites\sitecaredev\app\public\wp-content\plugins\tribe-firstlast-fields/tribe/
            [priority] => 11
            [namespace] => 
        )

    [plugin] => Array
        (
            [id] => plugin
            [priority] => 20
            [path] => C:\Users\britt\Local Sites\sitecaredev\app\public\wp-content\plugins\event-tickets\src\views
        )

    [common] => Array
        (
            [id] => common
            [priority] => 100
            [path] => C:\Users\britt\Local Sites\sitecaredev\app\public\wp-content\plugins\event-tickets\common\src\views
        )

)

[25-Jul-2025 14:13:27 UTC] Tribe custom template paths: Array
(
    [0] => Array
        (
            [path] => C:\Users\britt\Local Sites\sitecaredev\app\public\wp-content\plugins\tribe-firstlast-fields/tribe/
            [priority] => 11
            [namespace] => 
        )

    [plugin] => Array
        (
            [id] => plugin
            [priority] => 20
            [path] => C:\Users\britt\Local Sites\sitecaredev\app\public\wp-content\plugins\event-tickets\src\views
        )

    [common] => Array
        (
            [id] => common
            [priority] => 100
            [path] => C:\Users\britt\Local Sites\sitecaredev\app\public\wp-content\plugins\event-tickets\common\src\views
        )

)

[25-Jul-2025 14:13:27 UTC] Tribe custom template paths: Array
(
    [0] => Array
        (
            [path] => C:\Users\britt\Local Sites\sitecaredev\app\public\wp-content\plugins\tribe-firstlast-fields/tribe/
            [priority] => 11
            [namespace] => 
        )

    [plugin] => Array
        (
            [id] => plugin
            [priority] => 20
            [path] => C:\Users\britt\Local Sites\sitecaredev\app\public\wp-content\plugins\event-tickets-plus\src\views
        )

    [common] => Array
        (
            [id] => common
            [priority] => 100
            [path] => C:\Users\britt\Local Sites\sitecaredev\app\public\wp-content\plugins\event-tickets\common\src\views
        )

)

[25-Jul-2025 14:13:27 UTC] Tribe custom template paths: Array
(
    [0] => Array
        (
            [path] => C:\Users\britt\Local Sites\sitecaredev\app\public\wp-content\plugins\tribe-firstlast-fields/tribe/
            [priority] => 11
            [namespace] => 
        )

    [plugin] => Array
        (
            [id] => plugin
            [priority] => 20
            [path] => C:\Users\britt\Local Sites\sitecaredev\app\public\wp-content\plugins\event-tickets-plus\src\views
        )

    [common] => Array
        (
            [id] => common
            [priority] => 100
            [path] => C:\Users\britt\Local Sites\sitecaredev\app\public\wp-content\plugins\event-tickets\common\src\views
        )

)

[25-Jul-2025 14:13:27 UTC] Tribe custom template paths: Array
(
    [0] => Array
        (
            [path] => C:\Users\britt\Local Sites\sitecaredev\app\public\wp-content\plugins\tribe-firstlast-fields/tribe/
            [priority] => 11
            [namespace] => 
        )

    [plugin] => Array
        (
            [id] => plugin
            [priority] => 20
            [path] => C:\Users\britt\Local Sites\sitecaredev\app\public\wp-content\plugins\event-tickets\src\views
        )

    [common] => Array
        (
            [id] => common
            [priority] => 100
            [path] => C:\Users\britt\Local Sites\sitecaredev\app\public\wp-content\plugins\event-tickets\common\src\views
        )

)

[25-Jul-2025 14:13:27 UTC] Tribe custom template paths: Array
(
    [0] => Array
        (
            [path] => C:\Users\britt\Local Sites\sitecaredev\app\public\wp-content\plugins\tribe-firstlast-fields/tribe/
            [priority] => 11
            [namespace] => 
        )

    [plugin] => Array
        (
            [id] => plugin
            [priority] => 20
            [path] => C:\Users\britt\Local Sites\sitecaredev\app\public\wp-content\plugins\event-tickets\src\views
        )

    [common] => Array
        (
            [id] => common
            [priority] => 100
            [path] => C:\Users\britt\Local Sites\sitecaredev\app\public\wp-content\plugins\event-tickets\common\src\views
        )

)

[25-Jul-2025 14:13:27 UTC] Tribe custom template paths: Array
(
    [0] => Array
        (
            [path] => C:\Users\britt\Local Sites\sitecaredev\app\public\wp-content\plugins\tribe-firstlast-fields/tribe/
            [priority] => 11
            [namespace] => 
        )

    [plugin] => Array
        (
            [id] => plugin
            [priority] => 20
            [path] => C:\Users\britt\Local Sites\sitecaredev\app\public\wp-content\plugins\event-tickets\src\views
        )

    [common] => Array
        (
            [id] => common
            [priority] => 100
            [path] => C:\Users\britt\Local Sites\sitecaredev\app\public\wp-content\plugins\event-tickets\common\src\views
        )

)

[25-Jul-2025 14:13:27 UTC] Tribe custom template paths: Array
(
    [0] => Array
        (
            [path] => C:\Users\britt\Local Sites\sitecaredev\app\public\wp-content\plugins\tribe-firstlast-fields/tribe/
            [priority] => 11
            [namespace] => 
        )

    [plugin] => Array
        (
            [id] => plugin
            [priority] => 20
            [path] => C:\Users\britt\Local Sites\sitecaredev\app\public\wp-content\plugins\event-tickets\src\views
        )

    [common] => Array
        (
            [id] => common
            [priority] => 100
            [path] => C:\Users\britt\Local Sites\sitecaredev\app\public\wp-content\plugins\event-tickets\common\src\views
        )

)

[25-Jul-2025 14:13:27 UTC] Tribe custom template paths: Array
(
    [0] => Array
        (
            [path] => C:\Users\britt\Local Sites\sitecaredev\app\public\wp-content\plugins\tribe-firstlast-fields/tribe/
            [priority] => 11
            [namespace] => 
        )

    [plugin] => Array
        (
            [id] => plugin
            [priority] => 20
            [path] => C:\Users\britt\Local Sites\sitecaredev\app\public\wp-content\plugins\event-tickets\src\views
        )

    [common] => Array
        (
            [id] => common
            [priority] => 100
            [path] => C:\Users\britt\Local Sites\sitecaredev\app\public\wp-content\plugins\event-tickets\common\src\views
        )

)

[25-Jul-2025 14:13:27 UTC] Tribe custom template paths: Array
(
    [0] => Array
        (
            [path] => C:\Users\britt\Local Sites\sitecaredev\app\public\wp-content\plugins\tribe-firstlast-fields/tribe/
            [priority] => 11
            [namespace] => 
        )

    [plugin] => Array
        (
            [id] => plugin
            [priority] => 20
            [path] => C:\Users\britt\Local Sites\sitecaredev\app\public\wp-content\plugins\event-tickets-plus\src\views
        )

    [common] => Array
        (
            [id] => common
            [priority] => 100
            [path] => C:\Users\britt\Local Sites\sitecaredev\app\public\wp-content\plugins\event-tickets\common\src\views
        )

)

[25-Jul-2025 14:13:27 UTC] Tribe custom template paths: Array
(
    [0] => Array
        (
            [path] => C:\Users\britt\Local Sites\sitecaredev\app\public\wp-content\plugins\tribe-firstlast-fields/tribe/
            [priority] => 11
            [namespace] => 
        )

    [plugin] => Array
        (
            [id] => plugin
            [priority] => 20
            [path] => C:\Users\britt\Local Sites\sitecaredev\app\public\wp-content\plugins\event-tickets\src\views
        )

    [common] => Array
        (
            [id] => common
            [priority] => 100
            [path] => C:\Users\britt\Local Sites\sitecaredev\app\public\wp-content\plugins\event-tickets\common\src\views
        )

)

[25-Jul-2025 14:13:27 UTC] Tribe custom template paths: Array
(
    [0] => Array
        (
            [path] => C:\Users\britt\Local Sites\sitecaredev\app\public\wp-content\plugins\tribe-firstlast-fields/tribe/
            [priority] => 11
            [namespace] => 
        )

    [plugin] => Array
        (
            [id] => plugin
            [priority] => 20
            [path] => C:\Users\britt\Local Sites\sitecaredev\app\public\wp-content\plugins\event-tickets\src\views
        )

    [common] => Array
        (
            [id] => common
            [priority] => 100
            [path] => C:\Users\britt\Local Sites\sitecaredev\app\public\wp-content\plugins\event-tickets\common\src\views
        )

)

[25-Jul-2025 14:13:27 UTC] Tribe custom template paths: Array
(
    [0] => Array
        (
            [path] => C:\Users\britt\Local Sites\sitecaredev\app\public\wp-content\plugins\tribe-firstlast-fields/tribe/
            [priority] => 11
            [namespace] => 
        )

    [plugin] => Array
        (
            [id] => plugin
            [priority] => 20
            [path] => C:\Users\britt\Local Sites\sitecaredev\app\public\wp-content\plugins\event-tickets\src\views
        )

    [common] => Array
        (
            [id] => common
            [priority] => 100
            [path] => C:\Users\britt\Local Sites\sitecaredev\app\public\wp-content\plugins\event-tickets\common\src\views
        )

)

[25-Jul-2025 14:13:27 UTC] Tribe custom template paths: Array
(
    [0] => Array
        (
            [path] => C:\Users\britt\Local Sites\sitecaredev\app\public\wp-content\plugins\tribe-firstlast-fields/tribe/
            [priority] => 11
            [namespace] => 
        )

    [plugin] => Array
        (
            [id] => plugin
            [priority] => 20
            [path] => C:\Users\britt\Local Sites\sitecaredev\app\public\wp-content\plugins\event-tickets\src\views
        )

    [common] => Array
        (
            [id] => common
            [priority] => 100
            [path] => C:\Users\britt\Local Sites\sitecaredev\app\public\wp-content\plugins\event-tickets\common\src\views
        )

)

[25-Jul-2025 14:13:27 UTC] Tribe custom template paths: Array
(
    [0] => Array
        (
            [path] => C:\Users\britt\Local Sites\sitecaredev\app\public\wp-content\plugins\tribe-firstlast-fields/tribe/
            [priority] => 11
            [namespace] => 
        )

    [plugin] => Array
        (
            [id] => plugin
            [priority] => 20
            [path] => C:\Users\britt\Local Sites\sitecaredev\app\public\wp-content\plugins\event-tickets\src\views
        )

    [common] => Array
        (
            [id] => common
            [priority] => 100
            [path] => C:\Users\britt\Local Sites\sitecaredev\app\public\wp-content\plugins\event-tickets\common\src\views
        )

)

[25-Jul-2025 14:13:27 UTC] Tribe custom template paths: Array
(
    [0] => Array
        (
            [path] => C:\Users\britt\Local Sites\sitecaredev\app\public\wp-content\plugins\tribe-firstlast-fields/tribe/
            [priority] => 11
            [namespace] => 
        )

    [plugin] => Array
        (
            [id] => plugin
            [priority] => 20
            [path] => C:\Users\britt\Local Sites\sitecaredev\app\public\wp-content\plugins\event-tickets\src\views
        )

    [common] => Array
        (
            [id] => common
            [priority] => 100
            [path] => C:\Users\britt\Local Sites\sitecaredev\app\public\wp-content\plugins\event-tickets\common\src\views
        )

)

[25-Jul-2025 14:13:27 UTC] Tribe custom template paths: Array
(
    [0] => Array
        (
            [path] => C:\Users\britt\Local Sites\sitecaredev\app\public\wp-content\plugins\tribe-firstlast-fields/tribe/
            [priority] => 11
            [namespace] => 
        )

    [plugin] => Array
        (
            [id] => plugin
            [priority] => 20
            [path] => C:\Users\britt\Local Sites\sitecaredev\app\public\wp-content\plugins\event-tickets\src\views
        )

    [common] => Array
        (
            [id] => common
            [priority] => 100
            [path] => C:\Users\britt\Local Sites\sitecaredev\app\public\wp-content\plugins\event-tickets\common\src\views
        )

)

[25-Jul-2025 14:13:27 UTC] Tribe custom template paths: Array
(
    [0] => Array
        (
            [path] => C:\Users\britt\Local Sites\sitecaredev\app\public\wp-content\plugins\tribe-firstlast-fields/tribe/
            [priority] => 11
            [namespace] => 
        )

    [plugin] => Array
        (
            [id] => plugin
            [priority] => 20
            [path] => C:\Users\britt\Local Sites\sitecaredev\app\public\wp-content\plugins\event-tickets\src\views
        )

    [common] => Array
        (
            [id] => common
            [priority] => 100
            [path] => C:\Users\britt\Local Sites\sitecaredev\app\public\wp-content\plugins\event-tickets\common\src\views
        )

)

[25-Jul-2025 14:13:27 UTC] Tribe custom template paths: Array
(
    [0] => Array
        (
            [path] => C:\Users\britt\Local Sites\sitecaredev\app\public\wp-content\plugins\tribe-firstlast-fields/tribe/
            [priority] => 11
            [namespace] => 
        )

    [plugin] => Array
        (
            [id] => plugin
            [priority] => 20
            [path] => C:\Users\britt\Local Sites\sitecaredev\app\public\wp-content\plugins\event-tickets\src\views
        )

    [common] => Array
        (
            [id] => common
            [priority] => 100
            [path] => C:\Users\britt\Local Sites\sitecaredev\app\public\wp-content\plugins\event-tickets\common\src\views
        )

)

[25-Jul-2025 14:13:27 UTC] Tribe custom template paths: Array
(
    [0] => Array
        (
            [path] => C:\Users\britt\Local Sites\sitecaredev\app\public\wp-content\plugins\tribe-firstlast-fields/tribe/
            [priority] => 11
            [namespace] => 
        )

    [plugin] => Array
        (
            [id] => plugin
            [priority] => 20
            [path] => C:\Users\britt\Local Sites\sitecaredev\app\public\wp-content\plugins\event-tickets\src\views
        )

    [common] => Array
        (
            [id] => common
            [priority] => 100
            [path] => C:\Users\britt\Local Sites\sitecaredev\app\public\wp-content\plugins\event-tickets\common\src\views
        )

)

[25-Jul-2025 14:13:27 UTC] Tribe custom template paths: Array
(
    [0] => Array
        (
            [path] => C:\Users\britt\Local Sites\sitecaredev\app\public\wp-content\plugins\tribe-firstlast-fields/tribe/
            [priority] => 11
            [namespace] => 
        )

    [plugin] => Array
        (
            [id] => plugin
            [priority] => 20
            [path] => C:\Users\britt\Local Sites\sitecaredev\app\public\wp-content\plugins\event-tickets\src\views
        )

    [common] => Array
        (
            [id] => common
            [priority] => 100
            [path] => C:\Users\britt\Local Sites\sitecaredev\app\public\wp-content\plugins\event-tickets\common\src\views
        )

)

[25-Jul-2025 14:13:27 UTC] Tribe custom template paths: Array
(
    [0] => Array
        (
            [path] => C:\Users\britt\Local Sites\sitecaredev\app\public\wp-content\plugins\tribe-firstlast-fields/tribe/
            [priority] => 11
            [namespace] => 
        )

    [plugin] => Array
        (
            [id] => plugin
            [priority] => 20
            [path] => C:\Users\britt\Local Sites\sitecaredev\app\public\wp-content\plugins\event-tickets\src\views
        )

    [common] => Array
        (
            [id] => common
            [priority] => 100
            [path] => C:\Users\britt\Local Sites\sitecaredev\app\public\wp-content\plugins\event-tickets\common\src\views
        )

)

[25-Jul-2025 14:13:27 UTC] Tribe custom template paths: Array
(
    [0] => Array
        (
            [path] => C:\Users\britt\Local Sites\sitecaredev\app\public\wp-content\plugins\tribe-firstlast-fields/tribe/
            [priority] => 11
            [namespace] => 
        )

    [plugin] => Array
        (
            [id] => plugin
            [priority] => 20
            [path] => C:\Users\britt\Local Sites\sitecaredev\app\public\wp-content\plugins\event-tickets\src\views
        )

    [common] => Array
        (
            [id] => common
            [priority] => 100
            [path] => C:\Users\britt\Local Sites\sitecaredev\app\public\wp-content\plugins\event-tickets\common\src\views
        )

)

[25-Jul-2025 14:13:27 UTC] Tribe custom template paths: Array
(
    [0] => Array
        (
            [path] => C:\Users\britt\Local Sites\sitecaredev\app\public\wp-content\plugins\tribe-firstlast-fields/tribe/
            [priority] => 11
            [namespace] => 
        )

    [plugin] => Array
        (
            [id] => plugin
            [priority] => 20
            [path] => C:\Users\britt\Local Sites\sitecaredev\app\public\wp-content\plugins\event-tickets\src\views
        )

    [common] => Array
        (
            [id] => common
            [priority] => 100
            [path] => C:\Users\britt\Local Sites\sitecaredev\app\public\wp-content\plugins\event-tickets\common\src\views
        )

)

[25-Jul-2025 14:13:27 UTC] Tribe custom template paths: Array
(
    [0] => Array
        (
            [path] => C:\Users\britt\Local Sites\sitecaredev\app\public\wp-content\plugins\tribe-firstlast-fields/tribe/
            [priority] => 11
            [namespace] => 
        )

    [plugin] => Array
        (
            [id] => plugin
            [priority] => 20
            [path] => C:\Users\britt\Local Sites\sitecaredev\app\public\wp-content\plugins\event-tickets\src\views
        )

    [common] => Array
        (
            [id] => common
            [priority] => 100
            [path] => C:\Users\britt\Local Sites\sitecaredev\app\public\wp-content\plugins\event-tickets\common\src\views
        )

)

[25-Jul-2025 14:13:27 UTC] Tribe custom template paths: Array
(
    [0] => Array
        (
            [path] => C:\Users\britt\Local Sites\sitecaredev\app\public\wp-content\plugins\tribe-firstlast-fields/tribe/
            [priority] => 11
            [namespace] => 
        )

    [plugin] => Array
        (
            [id] => plugin
            [priority] => 20
            [path] => C:\Users\britt\Local Sites\sitecaredev\app\public\wp-content\plugins\event-tickets-plus\src\views
        )

    [common] => Array
        (
            [id] => common
            [priority] => 100
            [path] => C:\Users\britt\Local Sites\sitecaredev\app\public\wp-content\plugins\event-tickets\common\src\views
        )

)

[25-Jul-2025 14:13:27 UTC] Tribe custom template paths: Array
(
    [0] => Array
        (
            [path] => C:\Users\britt\Local Sites\sitecaredev\app\public\wp-content\plugins\tribe-firstlast-fields/tribe/
            [priority] => 11
            [namespace] => 
        )

    [plugin] => Array
        (
            [id] => plugin
            [priority] => 20
            [path] => C:\Users\britt\Local Sites\sitecaredev\app\public\wp-content\plugins\event-tickets-plus\src\views
        )

    [common] => Array
        (
            [id] => common
            [priority] => 100
            [path] => C:\Users\britt\Local Sites\sitecaredev\app\public\wp-content\plugins\event-tickets\common\src\views
        )

)

[25-Jul-2025 14:13:27 UTC] Tribe custom template paths: Array
(
    [0] => Array
        (
            [path] => C:\Users\britt\Local Sites\sitecaredev\app\public\wp-content\plugins\tribe-firstlast-fields/tribe/
            [priority] => 11
            [namespace] => 
        )

    [plugin] => Array
        (
            [id] => plugin
            [priority] => 20
            [path] => C:\Users\britt\Local Sites\sitecaredev\app\public\wp-content\plugins\event-tickets\src\views
        )

    [common] => Array
        (
            [id] => common
            [priority] => 100
            [path] => C:\Users\britt\Local Sites\sitecaredev\app\public\wp-content\plugins\event-tickets\common\src\views
        )

)

[25-Jul-2025 14:13:27 UTC] Tribe custom template paths: Array
(
    [0] => Array
        (
            [path] => C:\Users\britt\Local Sites\sitecaredev\app\public\wp-content\plugins\tribe-firstlast-fields/tribe/
            [priority] => 11
            [namespace] => 
        )

    [plugin] => Array
        (
            [id] => plugin
            [priority] => 20
            [path] => C:\Users\britt\Local Sites\sitecaredev\app\public\wp-content\plugins\event-tickets\src\views
        )

    [common] => Array
        (
            [id] => common
            [priority] => 100
            [path] => C:\Users\britt\Local Sites\sitecaredev\app\public\wp-content\plugins\event-tickets\common\src\views
        )

)

[25-Jul-2025 14:13:27 UTC] Tribe custom template paths: Array
(
    [0] => Array
        (
            [path] => C:\Users\britt\Local Sites\sitecaredev\app\public\wp-content\plugins\tribe-firstlast-fields/tribe/
            [priority] => 11
            [namespace] => 
        )

    [plugin] => Array
        (
            [id] => plugin
            [priority] => 20
            [path] => C:\Users\britt\Local Sites\sitecaredev\app\public\wp-content\plugins\event-tickets\src\views
        )

    [common] => Array
        (
            [id] => common
            [priority] => 100
            [path] => C:\Users\britt\Local Sites\sitecaredev\app\public\wp-content\plugins\event-tickets\common\src\views
        )

)

[25-Jul-2025 14:13:27 UTC] Tribe custom template paths: Array
(
    [0] => Array
        (
            [path] => C:\Users\britt\Local Sites\sitecaredev\app\public\wp-content\plugins\tribe-firstlast-fields/tribe/
            [priority] => 11
            [namespace] => 
        )

    [plugin] => Array
        (
            [id] => plugin
            [priority] => 20
            [path] => C:\Users\britt\Local Sites\sitecaredev\app\public\wp-content\plugins\event-tickets\src\views
        )

    [common] => Array
        (
            [id] => common
            [priority] => 100
            [path] => C:\Users\britt\Local Sites\sitecaredev\app\public\wp-content\plugins\event-tickets\common\src\views
        )

)

[25-Jul-2025 14:13:27 UTC] Tribe custom template paths: Array
(
    [0] => Array
        (
            [path] => C:\Users\britt\Local Sites\sitecaredev\app\public\wp-content\plugins\tribe-firstlast-fields/tribe/
            [priority] => 11
            [namespace] => 
        )

    [plugin] => Array
        (
            [id] => plugin
            [priority] => 20
            [path] => C:\Users\britt\Local Sites\sitecaredev\app\public\wp-content\plugins\event-tickets\src\views
        )

    [common] => Array
        (
            [id] => common
            [priority] => 100
            [path] => C:\Users\britt\Local Sites\sitecaredev\app\public\wp-content\plugins\event-tickets\common\src\views
        )

)

[25-Jul-2025 14:13:27 UTC] Tribe custom template paths: Array
(
    [0] => Array
        (
            [path] => C:\Users\britt\Local Sites\sitecaredev\app\public\wp-content\plugins\tribe-firstlast-fields/tribe/
            [priority] => 11
            [namespace] => 
        )

    [plugin] => Array
        (
            [id] => plugin
            [priority] => 20
            [path] => C:\Users\britt\Local Sites\sitecaredev\app\public\wp-content\plugins\event-tickets\src\views
        )

    [common] => Array
        (
            [id] => common
            [priority] => 100
            [path] => C:\Users\britt\Local Sites\sitecaredev\app\public\wp-content\plugins\event-tickets\common\src\views
        )

)

[25-Jul-2025 14:13:27 UTC] Tribe custom template paths: Array
(
    [0] => Array
        (
            [path] => C:\Users\britt\Local Sites\sitecaredev\app\public\wp-content\plugins\tribe-firstlast-fields/tribe/
            [priority] => 11
            [namespace] => 
        )

    [plugin] => Array
        (
            [id] => plugin
            [priority] => 20
            [path] => C:\Users\britt\Local Sites\sitecaredev\app\public\wp-content\plugins\event-tickets\src\views
        )

    [common] => Array
        (
            [id] => common
            [priority] => 100
            [path] => C:\Users\britt\Local Sites\sitecaredev\app\public\wp-content\plugins\event-tickets\common\src\views
        )

)

[25-Jul-2025 14:13:27 UTC] Tribe custom template paths: Array
(
    [0] => Array
        (
            [path] => C:\Users\britt\Local Sites\sitecaredev\app\public\wp-content\plugins\tribe-firstlast-fields/tribe/
            [priority] => 11
            [namespace] => 
        )

    [plugin] => Array
        (
            [id] => plugin
            [priority] => 20
            [path] => C:\Users\britt\Local Sites\sitecaredev\app\public\wp-content\plugins\event-tickets-plus\src\views
        )

    [common] => Array
        (
            [id] => common
            [priority] => 100
            [path] => C:\Users\britt\Local Sites\sitecaredev\app\public\wp-content\plugins\event-tickets\common\src\views
        )

)

[25-Jul-2025 14:13:27 UTC] Tribe custom template paths: Array
(
    [0] => Array
        (
            [path] => C:\Users\britt\Local Sites\sitecaredev\app\public\wp-content\plugins\tribe-firstlast-fields/tribe/
            [priority] => 11
            [namespace] => 
        )

    [plugin] => Array
        (
            [id] => plugin
            [priority] => 20
            [path] => C:\Users\britt\Local Sites\sitecaredev\app\public\wp-content\plugins\event-tickets-plus\src\views
        )

    [common] => Array
        (
            [id] => common
            [priority] => 100
            [path] => C:\Users\britt\Local Sites\sitecaredev\app\public\wp-content\plugins\event-tickets\common\src\views
        )

)

[25-Jul-2025 14:13:27 UTC] Tribe custom template paths: Array
(
    [0] => Array
        (
            [path] => C:\Users\britt\Local Sites\sitecaredev\app\public\wp-content\plugins\tribe-firstlast-fields/tribe/
            [priority] => 11
            [namespace] => 
        )

    [plugin] => Array
        (
            [id] => plugin
            [priority] => 20
            [path] => C:\Users\britt\Local Sites\sitecaredev\app\public\wp-content\plugins\event-tickets-plus\src\views
        )

    [common] => Array
        (
            [id] => common
            [priority] => 100
            [path] => C:\Users\britt\Local Sites\sitecaredev\app\public\wp-content\plugins\event-tickets\common\src\views
        )

)

[25-Jul-2025 14:13:27 UTC] Tribe custom template paths: Array
(
    [0] => Array
        (
            [path] => C:\Users\britt\Local Sites\sitecaredev\app\public\wp-content\plugins\tribe-firstlast-fields/tribe/
            [priority] => 11
            [namespace] => 
        )

    [plugin] => Array
        (
            [id] => plugin
            [priority] => 20
            [path] => C:\Users\britt\Local Sites\sitecaredev\app\public\wp-content\plugins\event-tickets\src\views
        )

    [common] => Array
        (
            [id] => common
            [priority] => 100
            [path] => C:\Users\britt\Local Sites\sitecaredev\app\public\wp-content\plugins\event-tickets\common\src\views
        )

)

[25-Jul-2025 14:13:27 UTC] Tribe custom template paths: Array
(
    [0] => Array
        (
            [path] => C:\Users\britt\Local Sites\sitecaredev\app\public\wp-content\plugins\tribe-firstlast-fields/tribe/
            [priority] => 11
            [namespace] => 
        )

    [plugin] => Array
        (
            [id] => plugin
            [priority] => 20
            [path] => C:\Users\britt\Local Sites\sitecaredev\app\public\wp-content\plugins\event-tickets\src\views
        )

    [common] => Array
        (
            [id] => common
            [priority] => 100
            [path] => C:\Users\britt\Local Sites\sitecaredev\app\public\wp-content\plugins\event-tickets\common\src\views
        )

)

[25-Jul-2025 14:13:27 UTC] Tribe custom template paths: Array
(
    [0] => Array
        (
            [path] => C:\Users\britt\Local Sites\sitecaredev\app\public\wp-content\plugins\tribe-firstlast-fields/tribe/
            [priority] => 11
            [namespace] => 
        )

    [plugin] => Array
        (
            [id] => plugin
            [priority] => 20
            [path] => C:\Users\britt\Local Sites\sitecaredev\app\public\wp-content\plugins\event-tickets-plus\src\views
        )

    [common] => Array
        (
            [id] => common
            [priority] => 100
            [path] => C:\Users\britt\Local Sites\sitecaredev\app\public\wp-content\plugins\event-tickets\common\src\views
        )

)

[25-Jul-2025 14:13:27 UTC] Tribe custom template paths: Array
(
    [0] => Array
        (
            [path] => C:\Users\britt\Local Sites\sitecaredev\app\public\wp-content\plugins\tribe-firstlast-fields/tribe/
            [priority] => 11
            [namespace] => 
        )

    [plugin] => Array
        (
            [id] => plugin
            [priority] => 20
            [path] => C:\Users\britt\Local Sites\sitecaredev\app\public\wp-content\plugins\event-tickets-plus\src\views
        )

    [common] => Array
        (
            [id] => common
            [priority] => 100
            [path] => C:\Users\britt\Local Sites\sitecaredev\app\public\wp-content\plugins\event-tickets\common\src\views
        )

)

[25-Jul-2025 14:13:27 UTC] Tribe custom template paths: Array
(
    [0] => Array
        (
            [path] => C:\Users\britt\Local Sites\sitecaredev\app\public\wp-content\plugins\tribe-firstlast-fields/tribe/
            [priority] => 11
            [namespace] => 
        )

    [plugin] => Array
        (
            [id] => plugin
            [priority] => 20
            [path] => C:\Users\britt\Local Sites\sitecaredev\app\public\wp-content\plugins\event-tickets-plus\src\views
        )

    [common] => Array
        (
            [id] => common
            [priority] => 100
            [path] => C:\Users\britt\Local Sites\sitecaredev\app\public\wp-content\plugins\event-tickets\common\src\views
        )

)

[25-Jul-2025 14:13:27 UTC] Tribe custom template paths: Array
(
    [0] => Array
        (
            [path] => C:\Users\britt\Local Sites\sitecaredev\app\public\wp-content\plugins\tribe-firstlast-fields/tribe/
            [priority] => 11
            [namespace] => 
        )

    [plugin] => Array
        (
            [id] => plugin
            [priority] => 20
            [path] => C:\Users\britt\Local Sites\sitecaredev\app\public\wp-content\plugins\event-tickets-plus\src\views
        )

    [common] => Array
        (
            [id] => common
            [priority] => 100
            [path] => C:\Users\britt\Local Sites\sitecaredev\app\public\wp-content\plugins\event-tickets\common\src\views
        )

)

[25-Jul-2025 14:13:27 UTC] Tribe custom template paths: Array
(
    [0] => Array
        (
            [path] => C:\Users\britt\Local Sites\sitecaredev\app\public\wp-content\plugins\tribe-firstlast-fields/tribe/
            [priority] => 11
            [namespace] => 
        )

    [plugin] => Array
        (
            [id] => plugin
            [priority] => 20
            [path] => C:\Users\britt\Local Sites\sitecaredev\app\public\wp-content\plugins\event-tickets-plus\src\views
        )

    [common] => Array
        (
            [id] => common
            [priority] => 100
            [path] => C:\Users\britt\Local Sites\sitecaredev\app\public\wp-content\plugins\event-tickets\common\src\views
        )

)

[25-Jul-2025 14:13:27 UTC] Tribe custom template paths: Array
(
    [0] => Array
        (
            [path] => C:\Users\britt\Local Sites\sitecaredev\app\public\wp-content\plugins\tribe-firstlast-fields/tribe/
            [priority] => 11
            [namespace] => 
        )

    [plugin] => Array
        (
            [id] => plugin
            [priority] => 20
            [path] => C:\Users\britt\Local Sites\sitecaredev\app\public\wp-content\plugins\event-tickets-plus\src\views
        )

    [common] => Array
        (
            [id] => common
            [priority] => 100
            [path] => C:\Users\britt\Local Sites\sitecaredev\app\public\wp-content\plugins\event-tickets\common\src\views
        )

)

[25-Jul-2025 14:13:27 UTC] Tribe custom template paths: Array
(
    [0] => Array
        (
            [path] => C:\Users\britt\Local Sites\sitecaredev\app\public\wp-content\plugins\tribe-firstlast-fields/tribe/
            [priority] => 11
            [namespace] => 
        )

    [plugin] => Array
        (
            [id] => plugin
            [priority] => 20
            [path] => C:\Users\britt\Local Sites\sitecaredev\app\public\wp-content\plugins\event-tickets-plus\src\views
        )

    [common] => Array
        (
            [id] => common
            [priority] => 100
            [path] => C:\Users\britt\Local Sites\sitecaredev\app\public\wp-content\plugins\event-tickets\common\src\views
        )

)

[25-Jul-2025 14:13:27 UTC] Tribe custom template paths: Array
(
    [0] => Array
        (
            [path] => C:\Users\britt\Local Sites\sitecaredev\app\public\wp-content\plugins\tribe-firstlast-fields/tribe/
            [priority] => 11
            [namespace] => 
        )

    [plugin] => Array
        (
            [id] => plugin
            [priority] => 20
            [path] => C:\Users\britt\Local Sites\sitecaredev\app\public\wp-content\plugins\event-tickets-plus\src\views
        )

    [common] => Array
        (
            [id] => common
            [priority] => 100
            [path] => C:\Users\britt\Local Sites\sitecaredev\app\public\wp-content\plugins\event-tickets\common\src\views
        )

)

[25-Jul-2025 14:13:27 UTC] Tribe custom template paths: Array
(
    [0] => Array
        (
            [path] => C:\Users\britt\Local Sites\sitecaredev\app\public\wp-content\plugins\tribe-firstlast-fields/tribe/
            [priority] => 11
            [namespace] => 
        )

    [plugin] => Array
        (
            [id] => plugin
            [priority] => 20
            [path] => C:\Users\britt\Local Sites\sitecaredev\app\public\wp-content\plugins\event-tickets\common\src\views\dialog
        )

    [common] => Array
        (
            [id] => common
            [priority] => 100
            [path] => C:\Users\britt\Local Sites\sitecaredev\app\public\wp-content\plugins\event-tickets\common\src\views\dialog
        )

)

[25-Jul-2025 14:13:27 UTC] Tribe custom template paths: Array
(
    [0] => Array
        (
            [path] => C:\Users\britt\Local Sites\sitecaredev\app\public\wp-content\plugins\tribe-firstlast-fields/tribe/
            [priority] => 11
            [namespace] => 
        )

    [plugin] => Array
        (
            [id] => plugin
            [priority] => 20
            [path] => C:\Users\britt\Local Sites\sitecaredev\app\public\wp-content\plugins\event-tickets\common\src\views\dialog
        )

    [common] => Array
        (
            [id] => common
            [priority] => 100
            [path] => C:\Users\britt\Local Sites\sitecaredev\app\public\wp-content\plugins\event-tickets\common\src\views\dialog
        )

)

[25-Jul-2025 14:13:27 UTC] Tribe custom template paths: Array
(
    [0] => Array
        (
            [path] => C:\Users\britt\Local Sites\sitecaredev\app\public\wp-content\plugins\tribe-firstlast-fields/tribe/
            [priority] => 11
            [namespace] => 
        )

    [plugin] => Array
        (
            [id] => plugin
            [priority] => 20
            [path] => C:\Users\britt\Local Sites\sitecaredev\app\public\wp-content\plugins\event-tickets-plus\src\views
        )

    [common] => Array
        (
            [id] => common
            [priority] => 100
            [path] => C:\Users\britt\Local Sites\sitecaredev\app\public\wp-content\plugins\event-tickets\common\src\views
        )

)

[25-Jul-2025 14:13:27 UTC] Tribe custom template paths: Array
(
    [0] => Array
        (
            [path] => C:\Users\britt\Local Sites\sitecaredev\app\public\wp-content\plugins\tribe-firstlast-fields/tribe/
            [priority] => 11
            [namespace] => 
        )

    [plugin] => Array
        (
            [id] => plugin
            [priority] => 20
            [path] => C:\Users\britt\Local Sites\sitecaredev\app\public\wp-content\plugins\event-tickets-plus\src\views
        )

    [common] => Array
        (
            [id] => common
            [priority] => 100
            [path] => C:\Users\britt\Local Sites\sitecaredev\app\public\wp-content\plugins\event-tickets\common\src\views
        )

)

[25-Jul-2025 14:13:27 UTC] Tribe custom template paths: Array
(
    [0] => Array
        (
            [path] => C:\Users\britt\Local Sites\sitecaredev\app\public\wp-content\plugins\tribe-firstlast-fields/tribe/
            [priority] => 11
            [namespace] => 
        )

    [plugin] => Array
        (
            [id] => plugin
            [priority] => 20
            [path] => C:\Users\britt\Local Sites\sitecaredev\app\public\wp-content\plugins\event-tickets-plus\src\views
        )

    [common] => Array
        (
            [id] => common
            [priority] => 100
            [path] => C:\Users\britt\Local Sites\sitecaredev\app\public\wp-content\plugins\event-tickets\common\src\views
        )

)

[25-Jul-2025 14:13:27 UTC] Tribe custom template paths: Array
(
    [0] => Array
        (
            [path] => C:\Users\britt\Local Sites\sitecaredev\app\public\wp-content\plugins\tribe-firstlast-fields/tribe/
            [priority] => 11
            [namespace] => 
        )

    [plugin] => Array
        (
            [id] => plugin
            [priority] => 20
            [path] => C:\Users\britt\Local Sites\sitecaredev\app\public\wp-content\plugins\event-tickets-plus\src\views
        )

    [common] => Array
        (
            [id] => common
            [priority] => 100
            [path] => C:\Users\britt\Local Sites\sitecaredev\app\public\wp-content\plugins\event-tickets\common\src\views
        )

)

[25-Jul-2025 14:13:27 UTC] Tribe custom template paths: Array
(
    [0] => Array
        (
            [path] => C:\Users\britt\Local Sites\sitecaredev\app\public\wp-content\plugins\tribe-firstlast-fields/tribe/
            [priority] => 11
            [namespace] => 
        )

    [plugin] => Array
        (
            [id] => plugin
            [priority] => 20
            [path] => C:\Users\britt\Local Sites\sitecaredev\app\public\wp-content\plugins\event-tickets-plus\src\views
        )

    [common] => Array
        (
            [id] => common
            [priority] => 100
            [path] => C:\Users\britt\Local Sites\sitecaredev\app\public\wp-content\plugins\event-tickets\common\src\views
        )

)

[25-Jul-2025 14:13:27 UTC] Tribe custom template paths: Array
(
    [0] => Array
        (
            [path] => C:\Users\britt\Local Sites\sitecaredev\app\public\wp-content\plugins\tribe-firstlast-fields/tribe/
            [priority] => 11
            [namespace] => 
        )

    [plugin] => Array
        (
            [id] => plugin
            [priority] => 20
            [path] => C:\Users\britt\Local Sites\sitecaredev\app\public\wp-content\plugins\event-tickets-plus\src\views
        )

    [common] => Array
        (
            [id] => common
            [priority] => 100
            [path] => C:\Users\britt\Local Sites\sitecaredev\app\public\wp-content\plugins\event-tickets\common\src\views
        )

)

[25-Jul-2025 14:13:27 UTC] Tribe custom template paths: Array
(
    [0] => Array
        (
            [path] => C:\Users\britt\Local Sites\sitecaredev\app\public\wp-content\plugins\tribe-firstlast-fields/tribe/
            [priority] => 11
            [namespace] => 
        )

    [plugin] => Array
        (
            [id] => plugin
            [priority] => 20
            [path] => C:\Users\britt\Local Sites\sitecaredev\app\public\wp-content\plugins\event-tickets-plus\src\views
        )

    [common] => Array
        (
            [id] => common
            [priority] => 100
            [path] => C:\Users\britt\Local Sites\sitecaredev\app\public\wp-content\plugins\event-tickets\common\src\views
        )

)

[25-Jul-2025 14:13:27 UTC] Tribe custom template paths: Array
(
    [0] => Array
        (
            [path] => C:\Users\britt\Local Sites\sitecaredev\app\public\wp-content\plugins\tribe-firstlast-fields/tribe/
            [priority] => 11
            [namespace] => 
        )

    [plugin] => Array
        (
            [id] => plugin
            [priority] => 20
            [path] => C:\Users\britt\Local Sites\sitecaredev\app\public\wp-content\plugins\event-tickets-plus\src\views
        )

    [common] => Array
        (
            [id] => common
            [priority] => 100
            [path] => C:\Users\britt\Local Sites\sitecaredev\app\public\wp-content\plugins\event-tickets\common\src\views
        )

)

[25-Jul-2025 14:13:27 UTC] Tribe custom template paths: Array
(
    [0] => Array
        (
            [path] => C:\Users\britt\Local Sites\sitecaredev\app\public\wp-content\plugins\tribe-firstlast-fields/tribe/
            [priority] => 11
            [namespace] => 
        )

    [plugin] => Array
        (
            [id] => plugin
            [priority] => 20
            [path] => C:\Users\britt\Local Sites\sitecaredev\app\public\wp-content\plugins\event-tickets\src\views
        )

    [common] => Array
        (
            [id] => common
            [priority] => 100
            [path] => C:\Users\britt\Local Sites\sitecaredev\app\public\wp-content\plugins\event-tickets\common\src\views
        )

)

[25-Jul-2025 14:13:27 UTC] Tribe custom template paths: Array
(
    [0] => Array
        (
            [path] => C:\Users\britt\Local Sites\sitecaredev\app\public\wp-content\plugins\tribe-firstlast-fields/tribe/
            [priority] => 11
            [namespace] => 
        )

    [plugin] => Array
        (
            [id] => plugin
            [priority] => 20
            [path] => C:\Users\britt\Local Sites\sitecaredev\app\public\wp-content\plugins\event-tickets-plus\src\views
        )

    [common] => Array
        (
            [id] => common
            [priority] => 100
            [path] => C:\Users\britt\Local Sites\sitecaredev\app\public\wp-content\plugins\event-tickets\common\src\views
        )

)

[25-Jul-2025 14:14:04 UTC] Tribe custom template paths: Array
(
    [0] => Array
        (
            [path] => C:\Users\britt\Local Sites\sitecaredev\app\public\wp-content\plugins\tribe-firstlast-fields/tribe/
            [priority] => 11
            [namespace] => 
        )

    [plugin] => Array
        (
            [id] => plugin
            [priority] => 20
            [path] => C:\Users\britt\Local Sites\sitecaredev\app\public\wp-content\plugins\the-events-calendar\src\views\v2
        )

    [common] => Array
        (
            [id] => common
            [priority] => 100
            [path] => C:\Users\britt\Local Sites\sitecaredev\app\public\wp-content\plugins\event-tickets\common\src\views\v2
        )

)

[25-Jul-2025 14:14:04 UTC] Tribe custom template paths: Array
(
    [0] => Array
        (
            [path] => C:\Users\britt\Local Sites\sitecaredev\app\public\wp-content\plugins\tribe-firstlast-fields/tribe/
            [priority] => 11
            [namespace] => 
        )

    [plugin] => Array
        (
            [id] => plugin
            [priority] => 20
            [path] => C:\Users\britt\Local Sites\sitecaredev\app\public\wp-content\plugins\the-events-calendar\src\views\v2\event-status
        )

    [common] => Array
        (
            [id] => common
            [priority] => 100
            [path] => C:\Users\britt\Local Sites\sitecaredev\app\public\wp-content\plugins\event-tickets\common\src\views\v2\event-status
        )

)

[25-Jul-2025 14:14:04 UTC] Tribe custom template paths: Array
(
    [0] => Array
        (
            [path] => C:\Users\britt\Local Sites\sitecaredev\app\public\wp-content\plugins\tribe-firstlast-fields/tribe/
            [priority] => 11
            [namespace] => 
        )

    [plugin] => Array
        (
            [id] => plugin
            [priority] => 20
            [path] => C:\Users\britt\Local Sites\sitecaredev\app\public\wp-content\plugins\the-events-calendar\src\views\v2
        )

    [common] => Array
        (
            [id] => common
            [priority] => 100
            [path] => C:\Users\britt\Local Sites\sitecaredev\app\public\wp-content\plugins\event-tickets\common\src\views\v2
        )

)

[25-Jul-2025 14:14:04 UTC] Tribe custom template paths: Array
(
    [0] => Array
        (
            [path] => C:\Users\britt\Local Sites\sitecaredev\app\public\wp-content\plugins\tribe-firstlast-fields/tribe/
            [priority] => 11
            [namespace] => 
        )

    [plugin] => Array
        (
            [id] => plugin
            [priority] => 20
            [path] => C:\Users\britt\Local Sites\sitecaredev\app\public\wp-content\plugins\the-events-calendar\src\views\v2
        )

    [common] => Array
        (
            [id] => common
            [priority] => 100
            [path] => C:\Users\britt\Local Sites\sitecaredev\app\public\wp-content\plugins\event-tickets\common\src\views\v2
        )

)

[25-Jul-2025 14:14:04 UTC] Tribe custom template paths: Array
(
    [0] => Array
        (
            [path] => C:\Users\britt\Local Sites\sitecaredev\app\public\wp-content\plugins\tribe-firstlast-fields/tribe/
            [priority] => 11
            [namespace] => 
        )

    [plugin] => Array
        (
            [id] => plugin
            [priority] => 20
            [path] => C:\Users\britt\Local Sites\sitecaredev\app\public\wp-content\plugins\the-events-calendar\src\views\v2
        )

    [common] => Array
        (
            [id] => common
            [priority] => 100
            [path] => C:\Users\britt\Local Sites\sitecaredev\app\public\wp-content\plugins\event-tickets\common\src\views\v2
        )

)

[25-Jul-2025 14:14:04 UTC] Tribe custom template paths: Array
(
    [0] => Array
        (
            [path] => C:\Users\britt\Local Sites\sitecaredev\app\public\wp-content\plugins\tribe-firstlast-fields/tribe/
            [priority] => 11
            [namespace] => 
        )

    [plugin] => Array
        (
            [id] => plugin
            [priority] => 20
            [path] => C:\Users\britt\Local Sites\sitecaredev\app\public\wp-content\plugins\the-events-calendar\src\views\v2
        )

    [common] => Array
        (
            [id] => common
            [priority] => 100
            [path] => C:\Users\britt\Local Sites\sitecaredev\app\public\wp-content\plugins\event-tickets\common\src\views\v2
        )

)

[25-Jul-2025 14:14:04 UTC] Tribe custom template paths: Array
(
    [0] => Array
        (
            [path] => C:\Users\britt\Local Sites\sitecaredev\app\public\wp-content\plugins\tribe-firstlast-fields/tribe/
            [priority] => 11
            [namespace] => 
        )

    [plugin] => Array
        (
            [id] => plugin
            [priority] => 20
            [path] => C:\Users\britt\Local Sites\sitecaredev\app\public\wp-content\plugins\event-tickets\src\views
        )

    [common] => Array
        (
            [id] => common
            [priority] => 100
            [path] => C:\Users\britt\Local Sites\sitecaredev\app\public\wp-content\plugins\event-tickets\common\src\views
        )

)

[25-Jul-2025 14:14:04 UTC] Tribe custom template paths: Array
(
    [0] => Array
        (
            [path] => C:\Users\britt\Local Sites\sitecaredev\app\public\wp-content\plugins\tribe-firstlast-fields/tribe/
            [priority] => 11
            [namespace] => 
        )

    [plugin] => Array
        (
            [id] => plugin
            [priority] => 20
            [path] => C:\Users\britt\Local Sites\sitecaredev\app\public\wp-content\plugins\event-tickets\src\views
        )

    [common] => Array
        (
            [id] => common
            [priority] => 100
            [path] => C:\Users\britt\Local Sites\sitecaredev\app\public\wp-content\plugins\event-tickets\common\src\views
        )

)

[25-Jul-2025 14:14:04 UTC] Tribe custom template paths: Array
(
    [0] => Array
        (
            [path] => C:\Users\britt\Local Sites\sitecaredev\app\public\wp-content\plugins\tribe-firstlast-fields/tribe/
            [priority] => 11
            [namespace] => 
        )

    [plugin] => Array
        (
            [id] => plugin
            [priority] => 20
            [path] => C:\Users\britt\Local Sites\sitecaredev\app\public\wp-content\plugins\event-tickets\src\views
        )

    [common] => Array
        (
            [id] => common
            [priority] => 100
            [path] => C:\Users\britt\Local Sites\sitecaredev\app\public\wp-content\plugins\event-tickets\common\src\views
        )

)

[25-Jul-2025 14:14:04 UTC] Tribe custom template paths: Array
(
    [0] => Array
        (
            [path] => C:\Users\britt\Local Sites\sitecaredev\app\public\wp-content\plugins\tribe-firstlast-fields/tribe/
            [priority] => 11
            [namespace] => 
        )

    [plugin] => Array
        (
            [id] => plugin
            [priority] => 20
            [path] => C:\Users\britt\Local Sites\sitecaredev\app\public\wp-content\plugins\event-tickets\src\views
        )

    [common] => Array
        (
            [id] => common
            [priority] => 100
            [path] => C:\Users\britt\Local Sites\sitecaredev\app\public\wp-content\plugins\event-tickets\common\src\views
        )

)

[25-Jul-2025 14:14:04 UTC] Tribe custom template paths: Array
(
    [0] => Array
        (
            [path] => C:\Users\britt\Local Sites\sitecaredev\app\public\wp-content\plugins\tribe-firstlast-fields/tribe/
            [priority] => 11
            [namespace] => 
        )

    [plugin] => Array
        (
            [id] => plugin
            [priority] => 20
            [path] => C:\Users\britt\Local Sites\sitecaredev\app\public\wp-content\plugins\event-tickets\src\views
        )

    [common] => Array
        (
            [id] => common
            [priority] => 100
            [path] => C:\Users\britt\Local Sites\sitecaredev\app\public\wp-content\plugins\event-tickets\common\src\views
        )

)

[25-Jul-2025 14:14:04 UTC] Tribe custom template paths: Array
(
    [0] => Array
        (
            [path] => C:\Users\britt\Local Sites\sitecaredev\app\public\wp-content\plugins\tribe-firstlast-fields/tribe/
            [priority] => 11
            [namespace] => 
        )

    [plugin] => Array
        (
            [id] => plugin
            [priority] => 20
            [path] => C:\Users\britt\Local Sites\sitecaredev\app\public\wp-content\plugins\event-tickets\src\views
        )

    [common] => Array
        (
            [id] => common
            [priority] => 100
            [path] => C:\Users\britt\Local Sites\sitecaredev\app\public\wp-content\plugins\event-tickets\common\src\views
        )

)

[25-Jul-2025 14:14:04 UTC] Tribe custom template paths: Array
(
    [0] => Array
        (
            [path] => C:\Users\britt\Local Sites\sitecaredev\app\public\wp-content\plugins\tribe-firstlast-fields/tribe/
            [priority] => 11
            [namespace] => 
        )

    [plugin] => Array
        (
            [id] => plugin
            [priority] => 20
            [path] => C:\Users\britt\Local Sites\sitecaredev\app\public\wp-content\plugins\event-tickets-plus\src\views
        )

    [common] => Array
        (
            [id] => common
            [priority] => 100
            [path] => C:\Users\britt\Local Sites\sitecaredev\app\public\wp-content\plugins\event-tickets\common\src\views
        )

)

[25-Jul-2025 14:14:04 UTC] Tribe custom template paths: Array
(
    [0] => Array
        (
            [path] => C:\Users\britt\Local Sites\sitecaredev\app\public\wp-content\plugins\tribe-firstlast-fields/tribe/
            [priority] => 11
            [namespace] => 
        )

    [plugin] => Array
        (
            [id] => plugin
            [priority] => 20
            [path] => C:\Users\britt\Local Sites\sitecaredev\app\public\wp-content\plugins\event-tickets-plus\src\views
        )

    [common] => Array
        (
            [id] => common
            [priority] => 100
            [path] => C:\Users\britt\Local Sites\sitecaredev\app\public\wp-content\plugins\event-tickets\common\src\views
        )

)

[25-Jul-2025 14:14:04 UTC] Tribe custom template paths: Array
(
    [0] => Array
        (
            [path] => C:\Users\britt\Local Sites\sitecaredev\app\public\wp-content\plugins\tribe-firstlast-fields/tribe/
            [priority] => 11
            [namespace] => 
        )

    [plugin] => Array
        (
            [id] => plugin
            [priority] => 20
            [path] => C:\Users\britt\Local Sites\sitecaredev\app\public\wp-content\plugins\event-tickets\src\views
        )

    [common] => Array
        (
            [id] => common
            [priority] => 100
            [path] => C:\Users\britt\Local Sites\sitecaredev\app\public\wp-content\plugins\event-tickets\common\src\views
        )

)

[25-Jul-2025 14:14:04 UTC] Tribe custom template paths: Array
(
    [0] => Array
        (
            [path] => C:\Users\britt\Local Sites\sitecaredev\app\public\wp-content\plugins\tribe-firstlast-fields/tribe/
            [priority] => 11
            [namespace] => 
        )

    [plugin] => Array
        (
            [id] => plugin
            [priority] => 20
            [path] => C:\Users\britt\Local Sites\sitecaredev\app\public\wp-content\plugins\event-tickets\src\views
        )

    [common] => Array
        (
            [id] => common
            [priority] => 100
            [path] => C:\Users\britt\Local Sites\sitecaredev\app\public\wp-content\plugins\event-tickets\common\src\views
        )

)

[25-Jul-2025 14:14:04 UTC] Tribe custom template paths: Array
(
    [0] => Array
        (
            [path] => C:\Users\britt\Local Sites\sitecaredev\app\public\wp-content\plugins\tribe-firstlast-fields/tribe/
            [priority] => 11
            [namespace] => 
        )

    [plugin] => Array
        (
            [id] => plugin
            [priority] => 20
            [path] => C:\Users\britt\Local Sites\sitecaredev\app\public\wp-content\plugins\event-tickets\src\views
        )

    [common] => Array
        (
            [id] => common
            [priority] => 100
            [path] => C:\Users\britt\Local Sites\sitecaredev\app\public\wp-content\plugins\event-tickets\common\src\views
        )

)

[25-Jul-2025 14:14:04 UTC] Tribe custom template paths: Array
(
    [0] => Array
        (
            [path] => C:\Users\britt\Local Sites\sitecaredev\app\public\wp-content\plugins\tribe-firstlast-fields/tribe/
            [priority] => 11
            [namespace] => 
        )

    [plugin] => Array
        (
            [id] => plugin
            [priority] => 20
            [path] => C:\Users\britt\Local Sites\sitecaredev\app\public\wp-content\plugins\event-tickets\src\views
        )

    [common] => Array
        (
            [id] => common
            [priority] => 100
            [path] => C:\Users\britt\Local Sites\sitecaredev\app\public\wp-content\plugins\event-tickets\common\src\views
        )

)

[25-Jul-2025 14:14:04 UTC] Tribe custom template paths: Array
(
    [0] => Array
        (
            [path] => C:\Users\britt\Local Sites\sitecaredev\app\public\wp-content\plugins\tribe-firstlast-fields/tribe/
            [priority] => 11
            [namespace] => 
        )

    [plugin] => Array
        (
            [id] => plugin
            [priority] => 20
            [path] => C:\Users\britt\Local Sites\sitecaredev\app\public\wp-content\plugins\event-tickets\src\views
        )

    [common] => Array
        (
            [id] => common
            [priority] => 100
            [path] => C:\Users\britt\Local Sites\sitecaredev\app\public\wp-content\plugins\event-tickets\common\src\views
        )

)

[25-Jul-2025 14:14:04 UTC] Tribe custom template paths: Array
(
    [0] => Array
        (
            [path] => C:\Users\britt\Local Sites\sitecaredev\app\public\wp-content\plugins\tribe-firstlast-fields/tribe/
            [priority] => 11
            [namespace] => 
        )

    [plugin] => Array
        (
            [id] => plugin
            [priority] => 20
            [path] => C:\Users\britt\Local Sites\sitecaredev\app\public\wp-content\plugins\event-tickets-plus\src\views
        )

    [common] => Array
        (
            [id] => common
            [priority] => 100
            [path] => C:\Users\britt\Local Sites\sitecaredev\app\public\wp-content\plugins\event-tickets\common\src\views
        )

)

[25-Jul-2025 14:14:04 UTC] Tribe custom template paths: Array
(
    [0] => Array
        (
            [path] => C:\Users\britt\Local Sites\sitecaredev\app\public\wp-content\plugins\tribe-firstlast-fields/tribe/
            [priority] => 11
            [namespace] => 
        )

    [plugin] => Array
        (
            [id] => plugin
            [priority] => 20
            [path] => C:\Users\britt\Local Sites\sitecaredev\app\public\wp-content\plugins\event-tickets\src\views
        )

    [common] => Array
        (
            [id] => common
            [priority] => 100
            [path] => C:\Users\britt\Local Sites\sitecaredev\app\public\wp-content\plugins\event-tickets\common\src\views
        )

)

[25-Jul-2025 14:14:04 UTC] Tribe custom template paths: Array
(
    [0] => Array
        (
            [path] => C:\Users\britt\Local Sites\sitecaredev\app\public\wp-content\plugins\tribe-firstlast-fields/tribe/
            [priority] => 11
            [namespace] => 
        )

    [plugin] => Array
        (
            [id] => plugin
            [priority] => 20
            [path] => C:\Users\britt\Local Sites\sitecaredev\app\public\wp-content\plugins\event-tickets\src\views
        )

    [common] => Array
        (
            [id] => common
            [priority] => 100
            [path] => C:\Users\britt\Local Sites\sitecaredev\app\public\wp-content\plugins\event-tickets\common\src\views
        )

)

[25-Jul-2025 14:14:04 UTC] Tribe custom template paths: Array
(
    [0] => Array
        (
            [path] => C:\Users\britt\Local Sites\sitecaredev\app\public\wp-content\plugins\tribe-firstlast-fields/tribe/
            [priority] => 11
            [namespace] => 
        )

    [plugin] => Array
        (
            [id] => plugin
            [priority] => 20
            [path] => C:\Users\britt\Local Sites\sitecaredev\app\public\wp-content\plugins\event-tickets\src\views
        )

    [common] => Array
        (
            [id] => common
            [priority] => 100
            [path] => C:\Users\britt\Local Sites\sitecaredev\app\public\wp-content\plugins\event-tickets\common\src\views
        )

)

[25-Jul-2025 14:14:04 UTC] Tribe custom template paths: Array
(
    [0] => Array
        (
            [path] => C:\Users\britt\Local Sites\sitecaredev\app\public\wp-content\plugins\tribe-firstlast-fields/tribe/
            [priority] => 11
            [namespace] => 
        )

    [plugin] => Array
        (
            [id] => plugin
            [priority] => 20
            [path] => C:\Users\britt\Local Sites\sitecaredev\app\public\wp-content\plugins\event-tickets\src\views
        )

    [common] => Array
        (
            [id] => common
            [priority] => 100
            [path] => C:\Users\britt\Local Sites\sitecaredev\app\public\wp-content\plugins\event-tickets\common\src\views
        )

)

[25-Jul-2025 14:14:04 UTC] Tribe custom template paths: Array
(
    [0] => Array
        (
            [path] => C:\Users\britt\Local Sites\sitecaredev\app\public\wp-content\plugins\tribe-firstlast-fields/tribe/
            [priority] => 11
            [namespace] => 
        )

    [plugin] => Array
        (
            [id] => plugin
            [priority] => 20
            [path] => C:\Users\britt\Local Sites\sitecaredev\app\public\wp-content\plugins\event-tickets\src\views
        )

    [common] => Array
        (
            [id] => common
            [priority] => 100
            [path] => C:\Users\britt\Local Sites\sitecaredev\app\public\wp-content\plugins\event-tickets\common\src\views
        )

)

[25-Jul-2025 14:14:04 UTC] Tribe custom template paths: Array
(
    [0] => Array
        (
            [path] => C:\Users\britt\Local Sites\sitecaredev\app\public\wp-content\plugins\tribe-firstlast-fields/tribe/
            [priority] => 11
            [namespace] => 
        )

    [plugin] => Array
        (
            [id] => plugin
            [priority] => 20
            [path] => C:\Users\britt\Local Sites\sitecaredev\app\public\wp-content\plugins\event-tickets\src\views
        )

    [common] => Array
        (
            [id] => common
            [priority] => 100
            [path] => C:\Users\britt\Local Sites\sitecaredev\app\public\wp-content\plugins\event-tickets\common\src\views
        )

)

[25-Jul-2025 14:14:04 UTC] Tribe custom template paths: Array
(
    [0] => Array
        (
            [path] => C:\Users\britt\Local Sites\sitecaredev\app\public\wp-content\plugins\tribe-firstlast-fields/tribe/
            [priority] => 11
            [namespace] => 
        )

    [plugin] => Array
        (
            [id] => plugin
            [priority] => 20
            [path] => C:\Users\britt\Local Sites\sitecaredev\app\public\wp-content\plugins\event-tickets\src\views
        )

    [common] => Array
        (
            [id] => common
            [priority] => 100
            [path] => C:\Users\britt\Local Sites\sitecaredev\app\public\wp-content\plugins\event-tickets\common\src\views
        )

)

[25-Jul-2025 14:14:04 UTC] Tribe custom template paths: Array
(
    [0] => Array
        (
            [path] => C:\Users\britt\Local Sites\sitecaredev\app\public\wp-content\plugins\tribe-firstlast-fields/tribe/
            [priority] => 11
            [namespace] => 
        )

    [plugin] => Array
        (
            [id] => plugin
            [priority] => 20
            [path] => C:\Users\britt\Local Sites\sitecaredev\app\public\wp-content\plugins\event-tickets\src\views
        )

    [common] => Array
        (
            [id] => common
            [priority] => 100
            [path] => C:\Users\britt\Local Sites\sitecaredev\app\public\wp-content\plugins\event-tickets\common\src\views
        )

)

[25-Jul-2025 14:14:04 UTC] Tribe custom template paths: Array
(
    [0] => Array
        (
            [path] => C:\Users\britt\Local Sites\sitecaredev\app\public\wp-content\plugins\tribe-firstlast-fields/tribe/
            [priority] => 11
            [namespace] => 
        )

    [plugin] => Array
        (
            [id] => plugin
            [priority] => 20
            [path] => C:\Users\britt\Local Sites\sitecaredev\app\public\wp-content\plugins\event-tickets\src\views
        )

    [common] => Array
        (
            [id] => common
            [priority] => 100
            [path] => C:\Users\britt\Local Sites\sitecaredev\app\public\wp-content\plugins\event-tickets\common\src\views
        )

)

[25-Jul-2025 14:14:04 UTC] Tribe custom template paths: Array
(
    [0] => Array
        (
            [path] => C:\Users\britt\Local Sites\sitecaredev\app\public\wp-content\plugins\tribe-firstlast-fields/tribe/
            [priority] => 11
            [namespace] => 
        )

    [plugin] => Array
        (
            [id] => plugin
            [priority] => 20
            [path] => C:\Users\britt\Local Sites\sitecaredev\app\public\wp-content\plugins\event-tickets\src\views
        )

    [common] => Array
        (
            [id] => common
            [priority] => 100
            [path] => C:\Users\britt\Local Sites\sitecaredev\app\public\wp-content\plugins\event-tickets\common\src\views
        )

)

[25-Jul-2025 14:14:04 UTC] Tribe custom template paths: Array
(
    [0] => Array
        (
            [path] => C:\Users\britt\Local Sites\sitecaredev\app\public\wp-content\plugins\tribe-firstlast-fields/tribe/
            [priority] => 11
            [namespace] => 
        )

    [plugin] => Array
        (
            [id] => plugin
            [priority] => 20
            [path] => C:\Users\britt\Local Sites\sitecaredev\app\public\wp-content\plugins\event-tickets\src\views
        )

    [common] => Array
        (
            [id] => common
            [priority] => 100
            [path] => C:\Users\britt\Local Sites\sitecaredev\app\public\wp-content\plugins\event-tickets\common\src\views
        )

)

[25-Jul-2025 14:14:04 UTC] Tribe custom template paths: Array
(
    [0] => Array
        (
            [path] => C:\Users\britt\Local Sites\sitecaredev\app\public\wp-content\plugins\tribe-firstlast-fields/tribe/
            [priority] => 11
            [namespace] => 
        )

    [plugin] => Array
        (
            [id] => plugin
            [priority] => 20
            [path] => C:\Users\britt\Local Sites\sitecaredev\app\public\wp-content\plugins\event-tickets\src\views
        )

    [common] => Array
        (
            [id] => common
            [priority] => 100
            [path] => C:\Users\britt\Local Sites\sitecaredev\app\public\wp-content\plugins\event-tickets\common\src\views
        )

)

[25-Jul-2025 14:14:04 UTC] Tribe custom template paths: Array
(
    [0] => Array
        (
            [path] => C:\Users\britt\Local Sites\sitecaredev\app\public\wp-content\plugins\tribe-firstlast-fields/tribe/
            [priority] => 11
            [namespace] => 
        )

    [plugin] => Array
        (
            [id] => plugin
            [priority] => 20
            [path] => C:\Users\britt\Local Sites\sitecaredev\app\public\wp-content\plugins\event-tickets\src\views
        )

    [common] => Array
        (
            [id] => common
            [priority] => 100
            [path] => C:\Users\britt\Local Sites\sitecaredev\app\public\wp-content\plugins\event-tickets\common\src\views
        )

)

[25-Jul-2025 14:14:04 UTC] Tribe custom template paths: Array
(
    [0] => Array
        (
            [path] => C:\Users\britt\Local Sites\sitecaredev\app\public\wp-content\plugins\tribe-firstlast-fields/tribe/
            [priority] => 11
            [namespace] => 
        )

    [plugin] => Array
        (
            [id] => plugin
            [priority] => 20
            [path] => C:\Users\britt\Local Sites\sitecaredev\app\public\wp-content\plugins\event-tickets\src\views
        )

    [common] => Array
        (
            [id] => common
            [priority] => 100
            [path] => C:\Users\britt\Local Sites\sitecaredev\app\public\wp-content\plugins\event-tickets\common\src\views
        )

)

[25-Jul-2025 14:14:04 UTC] Tribe custom template paths: Array
(
    [0] => Array
        (
            [path] => C:\Users\britt\Local Sites\sitecaredev\app\public\wp-content\plugins\tribe-firstlast-fields/tribe/
            [priority] => 11
            [namespace] => 
        )

    [plugin] => Array
        (
            [id] => plugin
            [priority] => 20
            [path] => C:\Users\britt\Local Sites\sitecaredev\app\public\wp-content\plugins\event-tickets\src\views
        )

    [common] => Array
        (
            [id] => common
            [priority] => 100
            [path] => C:\Users\britt\Local Sites\sitecaredev\app\public\wp-content\plugins\event-tickets\common\src\views
        )

)

[25-Jul-2025 14:14:04 UTC] Tribe custom template paths: Array
(
    [0] => Array
        (
            [path] => C:\Users\britt\Local Sites\sitecaredev\app\public\wp-content\plugins\tribe-firstlast-fields/tribe/
            [priority] => 11
            [namespace] => 
        )

    [plugin] => Array
        (
            [id] => plugin
            [priority] => 20
            [path] => C:\Users\britt\Local Sites\sitecaredev\app\public\wp-content\plugins\event-tickets-plus\src\views
        )

    [common] => Array
        (
            [id] => common
            [priority] => 100
            [path] => C:\Users\britt\Local Sites\sitecaredev\app\public\wp-content\plugins\event-tickets\common\src\views
        )

)

[25-Jul-2025 14:14:04 UTC] Tribe custom template paths: Array
(
    [0] => Array
        (
            [path] => C:\Users\britt\Local Sites\sitecaredev\app\public\wp-content\plugins\tribe-firstlast-fields/tribe/
            [priority] => 11
            [namespace] => 
        )

    [plugin] => Array
        (
            [id] => plugin
            [priority] => 20
            [path] => C:\Users\britt\Local Sites\sitecaredev\app\public\wp-content\plugins\event-tickets-plus\src\views
        )

    [common] => Array
        (
            [id] => common
            [priority] => 100
            [path] => C:\Users\britt\Local Sites\sitecaredev\app\public\wp-content\plugins\event-tickets\common\src\views
        )

)

[25-Jul-2025 14:14:04 UTC] Tribe custom template paths: Array
(
    [0] => Array
        (
            [path] => C:\Users\britt\Local Sites\sitecaredev\app\public\wp-content\plugins\tribe-firstlast-fields/tribe/
            [priority] => 11
            [namespace] => 
        )

    [plugin] => Array
        (
            [id] => plugin
            [priority] => 20
            [path] => C:\Users\britt\Local Sites\sitecaredev\app\public\wp-content\plugins\event-tickets\src\views
        )

    [common] => Array
        (
            [id] => common
            [priority] => 100
            [path] => C:\Users\britt\Local Sites\sitecaredev\app\public\wp-content\plugins\event-tickets\common\src\views
        )

)

[25-Jul-2025 14:14:04 UTC] Tribe custom template paths: Array
(
    [0] => Array
        (
            [path] => C:\Users\britt\Local Sites\sitecaredev\app\public\wp-content\plugins\tribe-firstlast-fields/tribe/
            [priority] => 11
            [namespace] => 
        )

    [plugin] => Array
        (
            [id] => plugin
            [priority] => 20
            [path] => C:\Users\britt\Local Sites\sitecaredev\app\public\wp-content\plugins\event-tickets\src\views
        )

    [common] => Array
        (
            [id] => common
            [priority] => 100
            [path] => C:\Users\britt\Local Sites\sitecaredev\app\public\wp-content\plugins\event-tickets\common\src\views
        )

)

[25-Jul-2025 14:14:04 UTC] Tribe custom template paths: Array
(
    [0] => Array
        (
            [path] => C:\Users\britt\Local Sites\sitecaredev\app\public\wp-content\plugins\tribe-firstlast-fields/tribe/
            [priority] => 11
            [namespace] => 
        )

    [plugin] => Array
        (
            [id] => plugin
            [priority] => 20
            [path] => C:\Users\britt\Local Sites\sitecaredev\app\public\wp-content\plugins\event-tickets\src\views
        )

    [common] => Array
        (
            [id] => common
            [priority] => 100
            [path] => C:\Users\britt\Local Sites\sitecaredev\app\public\wp-content\plugins\event-tickets\common\src\views
        )

)

[25-Jul-2025 14:14:04 UTC] Tribe custom template paths: Array
(
    [0] => Array
        (
            [path] => C:\Users\britt\Local Sites\sitecaredev\app\public\wp-content\plugins\tribe-firstlast-fields/tribe/
            [priority] => 11
            [namespace] => 
        )

    [plugin] => Array
        (
            [id] => plugin
            [priority] => 20
            [path] => C:\Users\britt\Local Sites\sitecaredev\app\public\wp-content\plugins\event-tickets\src\views
        )

    [common] => Array
        (
            [id] => common
            [priority] => 100
            [path] => C:\Users\britt\Local Sites\sitecaredev\app\public\wp-content\plugins\event-tickets\common\src\views
        )

)

[25-Jul-2025 14:14:04 UTC] Tribe custom template paths: Array
(
    [0] => Array
        (
            [path] => C:\Users\britt\Local Sites\sitecaredev\app\public\wp-content\plugins\tribe-firstlast-fields/tribe/
            [priority] => 11
            [namespace] => 
        )

    [plugin] => Array
        (
            [id] => plugin
            [priority] => 20
            [path] => C:\Users\britt\Local Sites\sitecaredev\app\public\wp-content\plugins\event-tickets\src\views
        )

    [common] => Array
        (
            [id] => common
            [priority] => 100
            [path] => C:\Users\britt\Local Sites\sitecaredev\app\public\wp-content\plugins\event-tickets\common\src\views
        )

)

[25-Jul-2025 14:14:04 UTC] Tribe custom template paths: Array
(
    [0] => Array
        (
            [path] => C:\Users\britt\Local Sites\sitecaredev\app\public\wp-content\plugins\tribe-firstlast-fields/tribe/
            [priority] => 11
            [namespace] => 
        )

    [plugin] => Array
        (
            [id] => plugin
            [priority] => 20
            [path] => C:\Users\britt\Local Sites\sitecaredev\app\public\wp-content\plugins\event-tickets\src\views
        )

    [common] => Array
        (
            [id] => common
            [priority] => 100
            [path] => C:\Users\britt\Local Sites\sitecaredev\app\public\wp-content\plugins\event-tickets\common\src\views
        )

)

[25-Jul-2025 14:14:04 UTC] Tribe custom template paths: Array
(
    [0] => Array
        (
            [path] => C:\Users\britt\Local Sites\sitecaredev\app\public\wp-content\plugins\tribe-firstlast-fields/tribe/
            [priority] => 11
            [namespace] => 
        )

    [plugin] => Array
        (
            [id] => plugin
            [priority] => 20
            [path] => C:\Users\britt\Local Sites\sitecaredev\app\public\wp-content\plugins\event-tickets\src\views
        )

    [common] => Array
        (
            [id] => common
            [priority] => 100
            [path] => C:\Users\britt\Local Sites\sitecaredev\app\public\wp-content\plugins\event-tickets\common\src\views
        )

)

[25-Jul-2025 14:14:04 UTC] Tribe custom template paths: Array
(
    [0] => Array
        (
            [path] => C:\Users\britt\Local Sites\sitecaredev\app\public\wp-content\plugins\tribe-firstlast-fields/tribe/
            [priority] => 11
            [namespace] => 
        )

    [plugin] => Array
        (
            [id] => plugin
            [priority] => 20
            [path] => C:\Users\britt\Local Sites\sitecaredev\app\public\wp-content\plugins\event-tickets-plus\src\views
        )

    [common] => Array
        (
            [id] => common
            [priority] => 100
            [path] => C:\Users\britt\Local Sites\sitecaredev\app\public\wp-content\plugins\event-tickets\common\src\views
        )

)

[25-Jul-2025 14:14:04 UTC] Tribe custom template paths: Array
(
    [0] => Array
        (
            [path] => C:\Users\britt\Local Sites\sitecaredev\app\public\wp-content\plugins\tribe-firstlast-fields/tribe/
            [priority] => 11
            [namespace] => 
        )

    [plugin] => Array
        (
            [id] => plugin
            [priority] => 20
            [path] => C:\Users\britt\Local Sites\sitecaredev\app\public\wp-content\plugins\event-tickets-plus\src\views
        )

    [common] => Array
        (
            [id] => common
            [priority] => 100
            [path] => C:\Users\britt\Local Sites\sitecaredev\app\public\wp-content\plugins\event-tickets\common\src\views
        )

)

[25-Jul-2025 14:14:04 UTC] Tribe custom template paths: Array
(
    [0] => Array
        (
            [path] => C:\Users\britt\Local Sites\sitecaredev\app\public\wp-content\plugins\tribe-firstlast-fields/tribe/
            [priority] => 11
            [namespace] => 
        )

    [plugin] => Array
        (
            [id] => plugin
            [priority] => 20
            [path] => C:\Users\britt\Local Sites\sitecaredev\app\public\wp-content\plugins\event-tickets-plus\src\views
        )

    [common] => Array
        (
            [id] => common
            [priority] => 100
            [path] => C:\Users\britt\Local Sites\sitecaredev\app\public\wp-content\plugins\event-tickets\common\src\views
        )

)

[25-Jul-2025 14:14:04 UTC] Tribe custom template paths: Array
(
    [0] => Array
        (
            [path] => C:\Users\britt\Local Sites\sitecaredev\app\public\wp-content\plugins\tribe-firstlast-fields/tribe/
            [priority] => 11
            [namespace] => 
        )

    [plugin] => Array
        (
            [id] => plugin
            [priority] => 20
            [path] => C:\Users\britt\Local Sites\sitecaredev\app\public\wp-content\plugins\event-tickets\src\views
        )

    [common] => Array
        (
            [id] => common
            [priority] => 100
            [path] => C:\Users\britt\Local Sites\sitecaredev\app\public\wp-content\plugins\event-tickets\common\src\views
        )

)

[25-Jul-2025 14:14:04 UTC] Tribe custom template paths: Array
(
    [0] => Array
        (
            [path] => C:\Users\britt\Local Sites\sitecaredev\app\public\wp-content\plugins\tribe-firstlast-fields/tribe/
            [priority] => 11
            [namespace] => 
        )

    [plugin] => Array
        (
            [id] => plugin
            [priority] => 20
            [path] => C:\Users\britt\Local Sites\sitecaredev\app\public\wp-content\plugins\event-tickets\src\views
        )

    [common] => Array
        (
            [id] => common
            [priority] => 100
            [path] => C:\Users\britt\Local Sites\sitecaredev\app\public\wp-content\plugins\event-tickets\common\src\views
        )

)

[25-Jul-2025 14:14:04 UTC] Tribe custom template paths: Array
(
    [0] => Array
        (
            [path] => C:\Users\britt\Local Sites\sitecaredev\app\public\wp-content\plugins\tribe-firstlast-fields/tribe/
            [priority] => 11
            [namespace] => 
        )

    [plugin] => Array
        (
            [id] => plugin
            [priority] => 20
            [path] => C:\Users\britt\Local Sites\sitecaredev\app\public\wp-content\plugins\event-tickets-plus\src\views
        )

    [common] => Array
        (
            [id] => common
            [priority] => 100
            [path] => C:\Users\britt\Local Sites\sitecaredev\app\public\wp-content\plugins\event-tickets\common\src\views
        )

)

[25-Jul-2025 14:14:04 UTC] Tribe custom template paths: Array
(
    [0] => Array
        (
            [path] => C:\Users\britt\Local Sites\sitecaredev\app\public\wp-content\plugins\tribe-firstlast-fields/tribe/
            [priority] => 11
            [namespace] => 
        )

    [plugin] => Array
        (
            [id] => plugin
            [priority] => 20
            [path] => C:\Users\britt\Local Sites\sitecaredev\app\public\wp-content\plugins\event-tickets-plus\src\views
        )

    [common] => Array
        (
            [id] => common
            [priority] => 100
            [path] => C:\Users\britt\Local Sites\sitecaredev\app\public\wp-content\plugins\event-tickets\common\src\views
        )

)

[25-Jul-2025 14:14:04 UTC] Tribe custom template paths: Array
(
    [0] => Array
        (
            [path] => C:\Users\britt\Local Sites\sitecaredev\app\public\wp-content\plugins\tribe-firstlast-fields/tribe/
            [priority] => 11
            [namespace] => 
        )

    [plugin] => Array
        (
            [id] => plugin
            [priority] => 20
            [path] => C:\Users\britt\Local Sites\sitecaredev\app\public\wp-content\plugins\event-tickets-plus\src\views
        )

    [common] => Array
        (
            [id] => common
            [priority] => 100
            [path] => C:\Users\britt\Local Sites\sitecaredev\app\public\wp-content\plugins\event-tickets\common\src\views
        )

)

[25-Jul-2025 14:14:04 UTC] Tribe custom template paths: Array
(
    [0] => Array
        (
            [path] => C:\Users\britt\Local Sites\sitecaredev\app\public\wp-content\plugins\tribe-firstlast-fields/tribe/
            [priority] => 11
            [namespace] => 
        )

    [plugin] => Array
        (
            [id] => plugin
            [priority] => 20
            [path] => C:\Users\britt\Local Sites\sitecaredev\app\public\wp-content\plugins\event-tickets-plus\src\views
        )

    [common] => Array
        (
            [id] => common
            [priority] => 100
            [path] => C:\Users\britt\Local Sites\sitecaredev\app\public\wp-content\plugins\event-tickets\common\src\views
        )

)

[25-Jul-2025 14:14:04 UTC] Tribe custom template paths: Array
(
    [0] => Array
        (
            [path] => C:\Users\britt\Local Sites\sitecaredev\app\public\wp-content\plugins\tribe-firstlast-fields/tribe/
            [priority] => 11
            [namespace] => 
        )

    [plugin] => Array
        (
            [id] => plugin
            [priority] => 20
            [path] => C:\Users\britt\Local Sites\sitecaredev\app\public\wp-content\plugins\event-tickets-plus\src\views
        )

    [common] => Array
        (
            [id] => common
            [priority] => 100
            [path] => C:\Users\britt\Local Sites\sitecaredev\app\public\wp-content\plugins\event-tickets\common\src\views
        )

)

[25-Jul-2025 14:14:04 UTC] Tribe custom template paths: Array
(
    [0] => Array
        (
            [path] => C:\Users\britt\Local Sites\sitecaredev\app\public\wp-content\plugins\tribe-firstlast-fields/tribe/
            [priority] => 11
            [namespace] => 
        )

    [plugin] => Array
        (
            [id] => plugin
            [priority] => 20
            [path] => C:\Users\britt\Local Sites\sitecaredev\app\public\wp-content\plugins\event-tickets-plus\src\views
        )

    [common] => Array
        (
            [id] => common
            [priority] => 100
            [path] => C:\Users\britt\Local Sites\sitecaredev\app\public\wp-content\plugins\event-tickets\common\src\views
        )

)

[25-Jul-2025 14:14:04 UTC] Tribe custom template paths: Array
(
    [0] => Array
        (
            [path] => C:\Users\britt\Local Sites\sitecaredev\app\public\wp-content\plugins\tribe-firstlast-fields/tribe/
            [priority] => 11
            [namespace] => 
        )

    [plugin] => Array
        (
            [id] => plugin
            [priority] => 20
            [path] => C:\Users\britt\Local Sites\sitecaredev\app\public\wp-content\plugins\event-tickets-plus\src\views
        )

    [common] => Array
        (
            [id] => common
            [priority] => 100
            [path] => C:\Users\britt\Local Sites\sitecaredev\app\public\wp-content\plugins\event-tickets\common\src\views
        )

)

[25-Jul-2025 14:14:04 UTC] Tribe custom template paths: Array
(
    [0] => Array
        (
            [path] => C:\Users\britt\Local Sites\sitecaredev\app\public\wp-content\plugins\tribe-firstlast-fields/tribe/
            [priority] => 11
            [namespace] => 
        )

    [plugin] => Array
        (
            [id] => plugin
            [priority] => 20
            [path] => C:\Users\britt\Local Sites\sitecaredev\app\public\wp-content\plugins\event-tickets-plus\src\views
        )

    [common] => Array
        (
            [id] => common
            [priority] => 100
            [path] => C:\Users\britt\Local Sites\sitecaredev\app\public\wp-content\plugins\event-tickets\common\src\views
        )

)

[25-Jul-2025 14:14:04 UTC] Tribe custom template paths: Array
(
    [0] => Array
        (
            [path] => C:\Users\britt\Local Sites\sitecaredev\app\public\wp-content\plugins\tribe-firstlast-fields/tribe/
            [priority] => 11
            [namespace] => 
        )

    [plugin] => Array
        (
            [id] => plugin
            [priority] => 20
            [path] => C:\Users\britt\Local Sites\sitecaredev\app\public\wp-content\plugins\event-tickets\common\src\views\dialog
        )

    [common] => Array
        (
            [id] => common
            [priority] => 100
            [path] => C:\Users\britt\Local Sites\sitecaredev\app\public\wp-content\plugins\event-tickets\common\src\views\dialog
        )

)

[25-Jul-2025 14:14:04 UTC] Tribe custom template paths: Array
(
    [0] => Array
        (
            [path] => C:\Users\britt\Local Sites\sitecaredev\app\public\wp-content\plugins\tribe-firstlast-fields/tribe/
            [priority] => 11
            [namespace] => 
        )

    [plugin] => Array
        (
            [id] => plugin
            [priority] => 20
            [path] => C:\Users\britt\Local Sites\sitecaredev\app\public\wp-content\plugins\event-tickets\common\src\views\dialog
        )

    [common] => Array
        (
            [id] => common
            [priority] => 100
            [path] => C:\Users\britt\Local Sites\sitecaredev\app\public\wp-content\plugins\event-tickets\common\src\views\dialog
        )

)

[25-Jul-2025 14:14:04 UTC] Tribe custom template paths: Array
(
    [0] => Array
        (
            [path] => C:\Users\britt\Local Sites\sitecaredev\app\public\wp-content\plugins\tribe-firstlast-fields/tribe/
            [priority] => 11
            [namespace] => 
        )

    [plugin] => Array
        (
            [id] => plugin
            [priority] => 20
            [path] => C:\Users\britt\Local Sites\sitecaredev\app\public\wp-content\plugins\event-tickets-plus\src\views
        )

    [common] => Array
        (
            [id] => common
            [priority] => 100
            [path] => C:\Users\britt\Local Sites\sitecaredev\app\public\wp-content\plugins\event-tickets\common\src\views
        )

)

[25-Jul-2025 14:14:04 UTC] Tribe custom template paths: Array
(
    [0] => Array
        (
            [path] => C:\Users\britt\Local Sites\sitecaredev\app\public\wp-content\plugins\tribe-firstlast-fields/tribe/
            [priority] => 11
            [namespace] => 
        )

    [plugin] => Array
        (
            [id] => plugin
            [priority] => 20
            [path] => C:\Users\britt\Local Sites\sitecaredev\app\public\wp-content\plugins\event-tickets-plus\src\views
        )

    [common] => Array
        (
            [id] => common
            [priority] => 100
            [path] => C:\Users\britt\Local Sites\sitecaredev\app\public\wp-content\plugins\event-tickets\common\src\views
        )

)

[25-Jul-2025 14:14:04 UTC] Tribe custom template paths: Array
(
    [0] => Array
        (
            [path] => C:\Users\britt\Local Sites\sitecaredev\app\public\wp-content\plugins\tribe-firstlast-fields/tribe/
            [priority] => 11
            [namespace] => 
        )

    [plugin] => Array
        (
            [id] => plugin
            [priority] => 20
            [path] => C:\Users\britt\Local Sites\sitecaredev\app\public\wp-content\plugins\event-tickets-plus\src\views
        )

    [common] => Array
        (
            [id] => common
            [priority] => 100
            [path] => C:\Users\britt\Local Sites\sitecaredev\app\public\wp-content\plugins\event-tickets\common\src\views
        )

)

[25-Jul-2025 14:14:04 UTC] Tribe custom template paths: Array
(
    [0] => Array
        (
            [path] => C:\Users\britt\Local Sites\sitecaredev\app\public\wp-content\plugins\tribe-firstlast-fields/tribe/
            [priority] => 11
            [namespace] => 
        )

    [plugin] => Array
        (
            [id] => plugin
            [priority] => 20
            [path] => C:\Users\britt\Local Sites\sitecaredev\app\public\wp-content\plugins\event-tickets-plus\src\views
        )

    [common] => Array
        (
            [id] => common
            [priority] => 100
            [path] => C:\Users\britt\Local Sites\sitecaredev\app\public\wp-content\plugins\event-tickets\common\src\views
        )

)

[25-Jul-2025 14:14:04 UTC] Tribe custom template paths: Array
(
    [0] => Array
        (
            [path] => C:\Users\britt\Local Sites\sitecaredev\app\public\wp-content\plugins\tribe-firstlast-fields/tribe/
            [priority] => 11
            [namespace] => 
        )

    [plugin] => Array
        (
            [id] => plugin
            [priority] => 20
            [path] => C:\Users\britt\Local Sites\sitecaredev\app\public\wp-content\plugins\event-tickets-plus\src\views
        )

    [common] => Array
        (
            [id] => common
            [priority] => 100
            [path] => C:\Users\britt\Local Sites\sitecaredev\app\public\wp-content\plugins\event-tickets\common\src\views
        )

)

[25-Jul-2025 14:14:04 UTC] Tribe custom template paths: Array
(
    [0] => Array
        (
            [path] => C:\Users\britt\Local Sites\sitecaredev\app\public\wp-content\plugins\tribe-firstlast-fields/tribe/
            [priority] => 11
            [namespace] => 
        )

    [plugin] => Array
        (
            [id] => plugin
            [priority] => 20
            [path] => C:\Users\britt\Local Sites\sitecaredev\app\public\wp-content\plugins\event-tickets-plus\src\views
        )

    [common] => Array
        (
            [id] => common
            [priority] => 100
            [path] => C:\Users\britt\Local Sites\sitecaredev\app\public\wp-content\plugins\event-tickets\common\src\views
        )

)

[25-Jul-2025 14:14:04 UTC] Tribe custom template paths: Array
(
    [0] => Array
        (
            [path] => C:\Users\britt\Local Sites\sitecaredev\app\public\wp-content\plugins\tribe-firstlast-fields/tribe/
            [priority] => 11
            [namespace] => 
        )

    [plugin] => Array
        (
            [id] => plugin
            [priority] => 20
            [path] => C:\Users\britt\Local Sites\sitecaredev\app\public\wp-content\plugins\event-tickets-plus\src\views
        )

    [common] => Array
        (
            [id] => common
            [priority] => 100
            [path] => C:\Users\britt\Local Sites\sitecaredev\app\public\wp-content\plugins\event-tickets\common\src\views
        )

)

[25-Jul-2025 14:14:04 UTC] Tribe custom template paths: Array
(
    [0] => Array
        (
            [path] => C:\Users\britt\Local Sites\sitecaredev\app\public\wp-content\plugins\tribe-firstlast-fields/tribe/
            [priority] => 11
            [namespace] => 
        )

    [plugin] => Array
        (
            [id] => plugin
            [priority] => 20
            [path] => C:\Users\britt\Local Sites\sitecaredev\app\public\wp-content\plugins\event-tickets-plus\src\views
        )

    [common] => Array
        (
            [id] => common
            [priority] => 100
            [path] => C:\Users\britt\Local Sites\sitecaredev\app\public\wp-content\plugins\event-tickets\common\src\views
        )

)

[25-Jul-2025 14:14:04 UTC] Tribe custom template paths: Array
(
    [0] => Array
        (
            [path] => C:\Users\britt\Local Sites\sitecaredev\app\public\wp-content\plugins\tribe-firstlast-fields/tribe/
            [priority] => 11
            [namespace] => 
        )

    [plugin] => Array
        (
            [id] => plugin
            [priority] => 20
            [path] => C:\Users\britt\Local Sites\sitecaredev\app\public\wp-content\plugins\event-tickets\src\views
        )

    [common] => Array
        (
            [id] => common
            [priority] => 100
            [path] => C:\Users\britt\Local Sites\sitecaredev\app\public\wp-content\plugins\event-tickets\common\src\views
        )

)

[25-Jul-2025 14:14:04 UTC] Tribe custom template paths: Array
(
    [0] => Array
        (
            [path] => C:\Users\britt\Local Sites\sitecaredev\app\public\wp-content\plugins\tribe-firstlast-fields/tribe/
            [priority] => 11
            [namespace] => 
        )

    [plugin] => Array
        (
            [id] => plugin
            [priority] => 20
            [path] => C:\Users\britt\Local Sites\sitecaredev\app\public\wp-content\plugins\event-tickets-plus\src\views
        )

    [common] => Array
        (
            [id] => common
            [priority] => 100
            [path] => C:\Users\britt\Local Sites\sitecaredev\app\public\wp-content\plugins\event-tickets\common\src\views
        )

)

[25-Jul-2025 14:47:36 UTC] Tribe custom template paths: Array
(
    [0] => Array
        (
            [path] => C:\Users\britt\Local Sites\sitecaredev\app\public\wp-content\plugins\tribe-firstlast-fields/tribe/
            [priority] => 11
            [namespace] => 
        )

    [plugin] => Array
        (
            [id] => plugin
            [priority] => 20
            [path] => C:\Users\britt\Local Sites\sitecaredev\app\public\wp-content\plugins\the-events-calendar\src\views\v2
        )

    [common] => Array
        (
            [id] => common
            [priority] => 100
            [path] => C:\Users\britt\Local Sites\sitecaredev\app\public\wp-content\plugins\event-tickets\common\src\views\v2
        )

)

[25-Jul-2025 14:47:36 UTC] Tribe custom template paths: Array
(
    [0] => Array
        (
            [path] => C:\Users\britt\Local Sites\sitecaredev\app\public\wp-content\plugins\tribe-firstlast-fields/tribe/
            [priority] => 11
            [namespace] => 
        )

    [plugin] => Array
        (
            [id] => plugin
            [priority] => 20
            [path] => C:\Users\britt\Local Sites\sitecaredev\app\public\wp-content\plugins\the-events-calendar\src\views\v2\event-status
        )

    [common] => Array
        (
            [id] => common
            [priority] => 100
            [path] => C:\Users\britt\Local Sites\sitecaredev\app\public\wp-content\plugins\event-tickets\common\src\views\v2\event-status
        )

)

[25-Jul-2025 14:47:36 UTC] Tribe custom template paths: Array
(
    [0] => Array
        (
            [path] => C:\Users\britt\Local Sites\sitecaredev\app\public\wp-content\plugins\tribe-firstlast-fields/tribe/
            [priority] => 11
            [namespace] => 
        )

    [plugin] => Array
        (
            [id] => plugin
            [priority] => 20
            [path] => C:\Users\britt\Local Sites\sitecaredev\app\public\wp-content\plugins\the-events-calendar\src\views\v2
        )

    [common] => Array
        (
            [id] => common
            [priority] => 100
            [path] => C:\Users\britt\Local Sites\sitecaredev\app\public\wp-content\plugins\event-tickets\common\src\views\v2
        )

)

[25-Jul-2025 14:47:36 UTC] Tribe custom template paths: Array
(
    [0] => Array
        (
            [path] => C:\Users\britt\Local Sites\sitecaredev\app\public\wp-content\plugins\tribe-firstlast-fields/tribe/
            [priority] => 11
            [namespace] => 
        )

    [plugin] => Array
        (
            [id] => plugin
            [priority] => 20
            [path] => C:\Users\britt\Local Sites\sitecaredev\app\public\wp-content\plugins\the-events-calendar\src\views\v2
        )

    [common] => Array
        (
            [id] => common
            [priority] => 100
            [path] => C:\Users\britt\Local Sites\sitecaredev\app\public\wp-content\plugins\event-tickets\common\src\views\v2
        )

)

[25-Jul-2025 14:47:36 UTC] Tribe custom template paths: Array
(
    [0] => Array
        (
            [path] => C:\Users\britt\Local Sites\sitecaredev\app\public\wp-content\plugins\tribe-firstlast-fields/tribe/
            [priority] => 11
            [namespace] => 
        )

    [plugin] => Array
        (
            [id] => plugin
            [priority] => 20
            [path] => C:\Users\britt\Local Sites\sitecaredev\app\public\wp-content\plugins\the-events-calendar\src\views\v2
        )

    [common] => Array
        (
            [id] => common
            [priority] => 100
            [path] => C:\Users\britt\Local Sites\sitecaredev\app\public\wp-content\plugins\event-tickets\common\src\views\v2
        )

)

[25-Jul-2025 14:47:36 UTC] Tribe custom template paths: Array
(
    [0] => Array
        (
            [path] => C:\Users\britt\Local Sites\sitecaredev\app\public\wp-content\plugins\tribe-firstlast-fields/tribe/
            [priority] => 11
            [namespace] => 
        )

    [plugin] => Array
        (
            [id] => plugin
            [priority] => 20
            [path] => C:\Users\britt\Local Sites\sitecaredev\app\public\wp-content\plugins\the-events-calendar\src\views\v2
        )

    [common] => Array
        (
            [id] => common
            [priority] => 100
            [path] => C:\Users\britt\Local Sites\sitecaredev\app\public\wp-content\plugins\event-tickets\common\src\views\v2
        )

)

[25-Jul-2025 14:47:36 UTC] Tribe custom template paths: Array
(
    [0] => Array
        (
            [path] => C:\Users\britt\Local Sites\sitecaredev\app\public\wp-content\plugins\tribe-firstlast-fields/tribe/
            [priority] => 11
            [namespace] => 
        )

    [plugin] => Array
        (
            [id] => plugin
            [priority] => 20
            [path] => C:\Users\britt\Local Sites\sitecaredev\app\public\wp-content\plugins\event-tickets\src\views
        )

    [common] => Array
        (
            [id] => common
            [priority] => 100
            [path] => C:\Users\britt\Local Sites\sitecaredev\app\public\wp-content\plugins\event-tickets\common\src\views
        )

)

[25-Jul-2025 14:47:36 UTC] Tribe custom template paths: Array
(
    [0] => Array
        (
            [path] => C:\Users\britt\Local Sites\sitecaredev\app\public\wp-content\plugins\tribe-firstlast-fields/tribe/
            [priority] => 11
            [namespace] => 
        )

    [plugin] => Array
        (
            [id] => plugin
            [priority] => 20
            [path] => C:\Users\britt\Local Sites\sitecaredev\app\public\wp-content\plugins\event-tickets\src\views
        )

    [common] => Array
        (
            [id] => common
            [priority] => 100
            [path] => C:\Users\britt\Local Sites\sitecaredev\app\public\wp-content\plugins\event-tickets\common\src\views
        )

)

[25-Jul-2025 14:47:36 UTC] Tribe custom template paths: Array
(
    [0] => Array
        (
            [path] => C:\Users\britt\Local Sites\sitecaredev\app\public\wp-content\plugins\tribe-firstlast-fields/tribe/
            [priority] => 11
            [namespace] => 
        )

    [plugin] => Array
        (
            [id] => plugin
            [priority] => 20
            [path] => C:\Users\britt\Local Sites\sitecaredev\app\public\wp-content\plugins\event-tickets\src\views
        )

    [common] => Array
        (
            [id] => common
            [priority] => 100
            [path] => C:\Users\britt\Local Sites\sitecaredev\app\public\wp-content\plugins\event-tickets\common\src\views
        )

)

[25-Jul-2025 14:47:36 UTC] Tribe custom template paths: Array
(
    [0] => Array
        (
            [path] => C:\Users\britt\Local Sites\sitecaredev\app\public\wp-content\plugins\tribe-firstlast-fields/tribe/
            [priority] => 11
            [namespace] => 
        )

    [plugin] => Array
        (
            [id] => plugin
            [priority] => 20
            [path] => C:\Users\britt\Local Sites\sitecaredev\app\public\wp-content\plugins\event-tickets\src\views
        )

    [common] => Array
        (
            [id] => common
            [priority] => 100
            [path] => C:\Users\britt\Local Sites\sitecaredev\app\public\wp-content\plugins\event-tickets\common\src\views
        )

)

[25-Jul-2025 14:47:36 UTC] Tribe custom template paths: Array
(
    [0] => Array
        (
            [path] => C:\Users\britt\Local Sites\sitecaredev\app\public\wp-content\plugins\tribe-firstlast-fields/tribe/
            [priority] => 11
            [namespace] => 
        )

    [plugin] => Array
        (
            [id] => plugin
            [priority] => 20
            [path] => C:\Users\britt\Local Sites\sitecaredev\app\public\wp-content\plugins\event-tickets\src\views
        )

    [common] => Array
        (
            [id] => common
            [priority] => 100
            [path] => C:\Users\britt\Local Sites\sitecaredev\app\public\wp-content\plugins\event-tickets\common\src\views
        )

)

[25-Jul-2025 14:47:36 UTC] Tribe custom template paths: Array
(
    [0] => Array
        (
            [path] => C:\Users\britt\Local Sites\sitecaredev\app\public\wp-content\plugins\tribe-firstlast-fields/tribe/
            [priority] => 11
            [namespace] => 
        )

    [plugin] => Array
        (
            [id] => plugin
            [priority] => 20
            [path] => C:\Users\britt\Local Sites\sitecaredev\app\public\wp-content\plugins\event-tickets\src\views
        )

    [common] => Array
        (
            [id] => common
            [priority] => 100
            [path] => C:\Users\britt\Local Sites\sitecaredev\app\public\wp-content\plugins\event-tickets\common\src\views
        )

)

[25-Jul-2025 14:47:36 UTC] Tribe custom template paths: Array
(
    [0] => Array
        (
            [path] => C:\Users\britt\Local Sites\sitecaredev\app\public\wp-content\plugins\tribe-firstlast-fields/tribe/
            [priority] => 11
            [namespace] => 
        )

    [plugin] => Array
        (
            [id] => plugin
            [priority] => 20
            [path] => C:\Users\britt\Local Sites\sitecaredev\app\public\wp-content\plugins\event-tickets-plus\src\views
        )

    [common] => Array
        (
            [id] => common
            [priority] => 100
            [path] => C:\Users\britt\Local Sites\sitecaredev\app\public\wp-content\plugins\event-tickets\common\src\views
        )

)

[25-Jul-2025 14:47:36 UTC] Tribe custom template paths: Array
(
    [0] => Array
        (
            [path] => C:\Users\britt\Local Sites\sitecaredev\app\public\wp-content\plugins\tribe-firstlast-fields/tribe/
            [priority] => 11
            [namespace] => 
        )

    [plugin] => Array
        (
            [id] => plugin
            [priority] => 20
            [path] => C:\Users\britt\Local Sites\sitecaredev\app\public\wp-content\plugins\event-tickets-plus\src\views
        )

    [common] => Array
        (
            [id] => common
            [priority] => 100
            [path] => C:\Users\britt\Local Sites\sitecaredev\app\public\wp-content\plugins\event-tickets\common\src\views
        )

)

[25-Jul-2025 14:47:36 UTC] Tribe custom template paths: Array
(
    [0] => Array
        (
            [path] => C:\Users\britt\Local Sites\sitecaredev\app\public\wp-content\plugins\tribe-firstlast-fields/tribe/
            [priority] => 11
            [namespace] => 
        )

    [plugin] => Array
        (
            [id] => plugin
            [priority] => 20
            [path] => C:\Users\britt\Local Sites\sitecaredev\app\public\wp-content\plugins\event-tickets\src\views
        )

    [common] => Array
        (
            [id] => common
            [priority] => 100
            [path] => C:\Users\britt\Local Sites\sitecaredev\app\public\wp-content\plugins\event-tickets\common\src\views
        )

)

[25-Jul-2025 14:47:36 UTC] Tribe custom template paths: Array
(
    [0] => Array
        (
            [path] => C:\Users\britt\Local Sites\sitecaredev\app\public\wp-content\plugins\tribe-firstlast-fields/tribe/
            [priority] => 11
            [namespace] => 
        )

    [plugin] => Array
        (
            [id] => plugin
            [priority] => 20
            [path] => C:\Users\britt\Local Sites\sitecaredev\app\public\wp-content\plugins\event-tickets\src\views
        )

    [common] => Array
        (
            [id] => common
            [priority] => 100
            [path] => C:\Users\britt\Local Sites\sitecaredev\app\public\wp-content\plugins\event-tickets\common\src\views
        )

)

[25-Jul-2025 14:47:36 UTC] Tribe custom template paths: Array
(
    [0] => Array
        (
            [path] => C:\Users\britt\Local Sites\sitecaredev\app\public\wp-content\plugins\tribe-firstlast-fields/tribe/
            [priority] => 11
            [namespace] => 
        )

    [plugin] => Array
        (
            [id] => plugin
            [priority] => 20
            [path] => C:\Users\britt\Local Sites\sitecaredev\app\public\wp-content\plugins\event-tickets\src\views
        )

    [common] => Array
        (
            [id] => common
            [priority] => 100
            [path] => C:\Users\britt\Local Sites\sitecaredev\app\public\wp-content\plugins\event-tickets\common\src\views
        )

)

[25-Jul-2025 14:47:36 UTC] Tribe custom template paths: Array
(
    [0] => Array
        (
            [path] => C:\Users\britt\Local Sites\sitecaredev\app\public\wp-content\plugins\tribe-firstlast-fields/tribe/
            [priority] => 11
            [namespace] => 
        )

    [plugin] => Array
        (
            [id] => plugin
            [priority] => 20
            [path] => C:\Users\britt\Local Sites\sitecaredev\app\public\wp-content\plugins\event-tickets\src\views
        )

    [common] => Array
        (
            [id] => common
            [priority] => 100
            [path] => C:\Users\britt\Local Sites\sitecaredev\app\public\wp-content\plugins\event-tickets\common\src\views
        )

)

[25-Jul-2025 14:47:36 UTC] Tribe custom template paths: Array
(
    [0] => Array
        (
            [path] => C:\Users\britt\Local Sites\sitecaredev\app\public\wp-content\plugins\tribe-firstlast-fields/tribe/
            [priority] => 11
            [namespace] => 
        )

    [plugin] => Array
        (
            [id] => plugin
            [priority] => 20
            [path] => C:\Users\britt\Local Sites\sitecaredev\app\public\wp-content\plugins\event-tickets\src\views
        )

    [common] => Array
        (
            [id] => common
            [priority] => 100
            [path] => C:\Users\britt\Local Sites\sitecaredev\app\public\wp-content\plugins\event-tickets\common\src\views
        )

)

[25-Jul-2025 14:47:36 UTC] Tribe custom template paths: Array
(
    [0] => Array
        (
            [path] => C:\Users\britt\Local Sites\sitecaredev\app\public\wp-content\plugins\tribe-firstlast-fields/tribe/
            [priority] => 11
            [namespace] => 
        )

    [plugin] => Array
        (
            [id] => plugin
            [priority] => 20
            [path] => C:\Users\britt\Local Sites\sitecaredev\app\public\wp-content\plugins\event-tickets-plus\src\views
        )

    [common] => Array
        (
            [id] => common
            [priority] => 100
            [path] => C:\Users\britt\Local Sites\sitecaredev\app\public\wp-content\plugins\event-tickets\common\src\views
        )

)

[25-Jul-2025 14:47:36 UTC] Tribe custom template paths: Array
(
    [0] => Array
        (
            [path] => C:\Users\britt\Local Sites\sitecaredev\app\public\wp-content\plugins\tribe-firstlast-fields/tribe/
            [priority] => 11
            [namespace] => 
        )

    [plugin] => Array
        (
            [id] => plugin
            [priority] => 20
            [path] => C:\Users\britt\Local Sites\sitecaredev\app\public\wp-content\plugins\event-tickets\src\views
        )

    [common] => Array
        (
            [id] => common
            [priority] => 100
            [path] => C:\Users\britt\Local Sites\sitecaredev\app\public\wp-content\plugins\event-tickets\common\src\views
        )

)

[25-Jul-2025 14:47:36 UTC] Tribe custom template paths: Array
(
    [0] => Array
        (
            [path] => C:\Users\britt\Local Sites\sitecaredev\app\public\wp-content\plugins\tribe-firstlast-fields/tribe/
            [priority] => 11
            [namespace] => 
        )

    [plugin] => Array
        (
            [id] => plugin
            [priority] => 20
            [path] => C:\Users\britt\Local Sites\sitecaredev\app\public\wp-content\plugins\event-tickets\src\views
        )

    [common] => Array
        (
            [id] => common
            [priority] => 100
            [path] => C:\Users\britt\Local Sites\sitecaredev\app\public\wp-content\plugins\event-tickets\common\src\views
        )

)

[25-Jul-2025 14:47:36 UTC] Tribe custom template paths: Array
(
    [0] => Array
        (
            [path] => C:\Users\britt\Local Sites\sitecaredev\app\public\wp-content\plugins\tribe-firstlast-fields/tribe/
            [priority] => 11
            [namespace] => 
        )

    [plugin] => Array
        (
            [id] => plugin
            [priority] => 20
            [path] => C:\Users\britt\Local Sites\sitecaredev\app\public\wp-content\plugins\event-tickets\src\views
        )

    [common] => Array
        (
            [id] => common
            [priority] => 100
            [path] => C:\Users\britt\Local Sites\sitecaredev\app\public\wp-content\plugins\event-tickets\common\src\views
        )

)

[25-Jul-2025 14:47:36 UTC] Tribe custom template paths: Array
(
    [0] => Array
        (
            [path] => C:\Users\britt\Local Sites\sitecaredev\app\public\wp-content\plugins\tribe-firstlast-fields/tribe/
            [priority] => 11
            [namespace] => 
        )

    [plugin] => Array
        (
            [id] => plugin
            [priority] => 20
            [path] => C:\Users\britt\Local Sites\sitecaredev\app\public\wp-content\plugins\event-tickets\src\views
        )

    [common] => Array
        (
            [id] => common
            [priority] => 100
            [path] => C:\Users\britt\Local Sites\sitecaredev\app\public\wp-content\plugins\event-tickets\common\src\views
        )

)

[25-Jul-2025 14:47:36 UTC] Tribe custom template paths: Array
(
    [0] => Array
        (
            [path] => C:\Users\britt\Local Sites\sitecaredev\app\public\wp-content\plugins\tribe-firstlast-fields/tribe/
            [priority] => 11
            [namespace] => 
        )

    [plugin] => Array
        (
            [id] => plugin
            [priority] => 20
            [path] => C:\Users\britt\Local Sites\sitecaredev\app\public\wp-content\plugins\event-tickets\src\views
        )

    [common] => Array
        (
            [id] => common
            [priority] => 100
            [path] => C:\Users\britt\Local Sites\sitecaredev\app\public\wp-content\plugins\event-tickets\common\src\views
        )

)

[25-Jul-2025 14:47:36 UTC] Tribe custom template paths: Array
(
    [0] => Array
        (
            [path] => C:\Users\britt\Local Sites\sitecaredev\app\public\wp-content\plugins\tribe-firstlast-fields/tribe/
            [priority] => 11
            [namespace] => 
        )

    [plugin] => Array
        (
            [id] => plugin
            [priority] => 20
            [path] => C:\Users\britt\Local Sites\sitecaredev\app\public\wp-content\plugins\event-tickets\src\views
        )

    [common] => Array
        (
            [id] => common
            [priority] => 100
            [path] => C:\Users\britt\Local Sites\sitecaredev\app\public\wp-content\plugins\event-tickets\common\src\views
        )

)

[25-Jul-2025 14:47:36 UTC] Tribe custom template paths: Array
(
    [0] => Array
        (
            [path] => C:\Users\britt\Local Sites\sitecaredev\app\public\wp-content\plugins\tribe-firstlast-fields/tribe/
            [priority] => 11
            [namespace] => 
        )

    [plugin] => Array
        (
            [id] => plugin
            [priority] => 20
            [path] => C:\Users\britt\Local Sites\sitecaredev\app\public\wp-content\plugins\event-tickets\src\views
        )

    [common] => Array
        (
            [id] => common
            [priority] => 100
            [path] => C:\Users\britt\Local Sites\sitecaredev\app\public\wp-content\plugins\event-tickets\common\src\views
        )

)

[25-Jul-2025 14:47:36 UTC] Tribe custom template paths: Array
(
    [0] => Array
        (
            [path] => C:\Users\britt\Local Sites\sitecaredev\app\public\wp-content\plugins\tribe-firstlast-fields/tribe/
            [priority] => 11
            [namespace] => 
        )

    [plugin] => Array
        (
            [id] => plugin
            [priority] => 20
            [path] => C:\Users\britt\Local Sites\sitecaredev\app\public\wp-content\plugins\event-tickets\src\views
        )

    [common] => Array
        (
            [id] => common
            [priority] => 100
            [path] => C:\Users\britt\Local Sites\sitecaredev\app\public\wp-content\plugins\event-tickets\common\src\views
        )

)

[25-Jul-2025 14:47:36 UTC] Tribe custom template paths: Array
(
    [0] => Array
        (
            [path] => C:\Users\britt\Local Sites\sitecaredev\app\public\wp-content\plugins\tribe-firstlast-fields/tribe/
            [priority] => 11
            [namespace] => 
        )

    [plugin] => Array
        (
            [id] => plugin
            [priority] => 20
            [path] => C:\Users\britt\Local Sites\sitecaredev\app\public\wp-content\plugins\event-tickets\src\views
        )

    [common] => Array
        (
            [id] => common
            [priority] => 100
            [path] => C:\Users\britt\Local Sites\sitecaredev\app\public\wp-content\plugins\event-tickets\common\src\views
        )

)

[25-Jul-2025 14:47:36 UTC] Tribe custom template paths: Array
(
    [0] => Array
        (
            [path] => C:\Users\britt\Local Sites\sitecaredev\app\public\wp-content\plugins\tribe-firstlast-fields/tribe/
            [priority] => 11
            [namespace] => 
        )

    [plugin] => Array
        (
            [id] => plugin
            [priority] => 20
            [path] => C:\Users\britt\Local Sites\sitecaredev\app\public\wp-content\plugins\event-tickets\src\views
        )

    [common] => Array
        (
            [id] => common
            [priority] => 100
            [path] => C:\Users\britt\Local Sites\sitecaredev\app\public\wp-content\plugins\event-tickets\common\src\views
        )

)

[25-Jul-2025 14:47:36 UTC] Tribe custom template paths: Array
(
    [0] => Array
        (
            [path] => C:\Users\britt\Local Sites\sitecaredev\app\public\wp-content\plugins\tribe-firstlast-fields/tribe/
            [priority] => 11
            [namespace] => 
        )

    [plugin] => Array
        (
            [id] => plugin
            [priority] => 20
            [path] => C:\Users\britt\Local Sites\sitecaredev\app\public\wp-content\plugins\event-tickets\src\views
        )

    [common] => Array
        (
            [id] => common
            [priority] => 100
            [path] => C:\Users\britt\Local Sites\sitecaredev\app\public\wp-content\plugins\event-tickets\common\src\views
        )

)

[25-Jul-2025 14:47:36 UTC] Tribe custom template paths: Array
(
    [0] => Array
        (
            [path] => C:\Users\britt\Local Sites\sitecaredev\app\public\wp-content\plugins\tribe-firstlast-fields/tribe/
            [priority] => 11
            [namespace] => 
        )

    [plugin] => Array
        (
            [id] => plugin
            [priority] => 20
            [path] => C:\Users\britt\Local Sites\sitecaredev\app\public\wp-content\plugins\event-tickets\src\views
        )

    [common] => Array
        (
            [id] => common
            [priority] => 100
            [path] => C:\Users\britt\Local Sites\sitecaredev\app\public\wp-content\plugins\event-tickets\common\src\views
        )

)

[25-Jul-2025 14:47:36 UTC] Tribe custom template paths: Array
(
    [0] => Array
        (
            [path] => C:\Users\britt\Local Sites\sitecaredev\app\public\wp-content\plugins\tribe-firstlast-fields/tribe/
            [priority] => 11
            [namespace] => 
        )

    [plugin] => Array
        (
            [id] => plugin
            [priority] => 20
            [path] => C:\Users\britt\Local Sites\sitecaredev\app\public\wp-content\plugins\event-tickets\src\views
        )

    [common] => Array
        (
            [id] => common
            [priority] => 100
            [path] => C:\Users\britt\Local Sites\sitecaredev\app\public\wp-content\plugins\event-tickets\common\src\views
        )

)

[25-Jul-2025 14:47:36 UTC] Tribe custom template paths: Array
(
    [0] => Array
        (
            [path] => C:\Users\britt\Local Sites\sitecaredev\app\public\wp-content\plugins\tribe-firstlast-fields/tribe/
            [priority] => 11
            [namespace] => 
        )

    [plugin] => Array
        (
            [id] => plugin
            [priority] => 20
            [path] => C:\Users\britt\Local Sites\sitecaredev\app\public\wp-content\plugins\event-tickets\src\views
        )

    [common] => Array
        (
            [id] => common
            [priority] => 100
            [path] => C:\Users\britt\Local Sites\sitecaredev\app\public\wp-content\plugins\event-tickets\common\src\views
        )

)

[25-Jul-2025 14:47:36 UTC] Tribe custom template paths: Array
(
    [0] => Array
        (
            [path] => C:\Users\britt\Local Sites\sitecaredev\app\public\wp-content\plugins\tribe-firstlast-fields/tribe/
            [priority] => 11
            [namespace] => 
        )

    [plugin] => Array
        (
            [id] => plugin
            [priority] => 20
            [path] => C:\Users\britt\Local Sites\sitecaredev\app\public\wp-content\plugins\event-tickets\src\views
        )

    [common] => Array
        (
            [id] => common
            [priority] => 100
            [path] => C:\Users\britt\Local Sites\sitecaredev\app\public\wp-content\plugins\event-tickets\common\src\views
        )

)

[25-Jul-2025 14:47:36 UTC] Tribe custom template paths: Array
(
    [0] => Array
        (
            [path] => C:\Users\britt\Local Sites\sitecaredev\app\public\wp-content\plugins\tribe-firstlast-fields/tribe/
            [priority] => 11
            [namespace] => 
        )

    [plugin] => Array
        (
            [id] => plugin
            [priority] => 20
            [path] => C:\Users\britt\Local Sites\sitecaredev\app\public\wp-content\plugins\event-tickets-plus\src\views
        )

    [common] => Array
        (
            [id] => common
            [priority] => 100
            [path] => C:\Users\britt\Local Sites\sitecaredev\app\public\wp-content\plugins\event-tickets\common\src\views
        )

)

[25-Jul-2025 14:47:36 UTC] Tribe custom template paths: Array
(
    [0] => Array
        (
            [path] => C:\Users\britt\Local Sites\sitecaredev\app\public\wp-content\plugins\tribe-firstlast-fields/tribe/
            [priority] => 11
            [namespace] => 
        )

    [plugin] => Array
        (
            [id] => plugin
            [priority] => 20
            [path] => C:\Users\britt\Local Sites\sitecaredev\app\public\wp-content\plugins\event-tickets-plus\src\views
        )

    [common] => Array
        (
            [id] => common
            [priority] => 100
            [path] => C:\Users\britt\Local Sites\sitecaredev\app\public\wp-content\plugins\event-tickets\common\src\views
        )

)

[25-Jul-2025 14:47:36 UTC] Tribe custom template paths: Array
(
    [0] => Array
        (
            [path] => C:\Users\britt\Local Sites\sitecaredev\app\public\wp-content\plugins\tribe-firstlast-fields/tribe/
            [priority] => 11
            [namespace] => 
        )

    [plugin] => Array
        (
            [id] => plugin
            [priority] => 20
            [path] => C:\Users\britt\Local Sites\sitecaredev\app\public\wp-content\plugins\event-tickets\src\views
        )

    [common] => Array
        (
            [id] => common
            [priority] => 100
            [path] => C:\Users\britt\Local Sites\sitecaredev\app\public\wp-content\plugins\event-tickets\common\src\views
        )

)

[25-Jul-2025 14:47:36 UTC] Tribe custom template paths: Array
(
    [0] => Array
        (
            [path] => C:\Users\britt\Local Sites\sitecaredev\app\public\wp-content\plugins\tribe-firstlast-fields/tribe/
            [priority] => 11
            [namespace] => 
        )

    [plugin] => Array
        (
            [id] => plugin
            [priority] => 20
            [path] => C:\Users\britt\Local Sites\sitecaredev\app\public\wp-content\plugins\event-tickets\src\views
        )

    [common] => Array
        (
            [id] => common
            [priority] => 100
            [path] => C:\Users\britt\Local Sites\sitecaredev\app\public\wp-content\plugins\event-tickets\common\src\views
        )

)

[25-Jul-2025 14:47:36 UTC] Tribe custom template paths: Array
(
    [0] => Array
        (
            [path] => C:\Users\britt\Local Sites\sitecaredev\app\public\wp-content\plugins\tribe-firstlast-fields/tribe/
            [priority] => 11
            [namespace] => 
        )

    [plugin] => Array
        (
            [id] => plugin
            [priority] => 20
            [path] => C:\Users\britt\Local Sites\sitecaredev\app\public\wp-content\plugins\event-tickets\src\views
        )

    [common] => Array
        (
            [id] => common
            [priority] => 100
            [path] => C:\Users\britt\Local Sites\sitecaredev\app\public\wp-content\plugins\event-tickets\common\src\views
        )

)

[25-Jul-2025 14:47:36 UTC] Tribe custom template paths: Array
(
    [0] => Array
        (
            [path] => C:\Users\britt\Local Sites\sitecaredev\app\public\wp-content\plugins\tribe-firstlast-fields/tribe/
            [priority] => 11
            [namespace] => 
        )

    [plugin] => Array
        (
            [id] => plugin
            [priority] => 20
            [path] => C:\Users\britt\Local Sites\sitecaredev\app\public\wp-content\plugins\event-tickets\src\views
        )

    [common] => Array
        (
            [id] => common
            [priority] => 100
            [path] => C:\Users\britt\Local Sites\sitecaredev\app\public\wp-content\plugins\event-tickets\common\src\views
        )

)

[25-Jul-2025 14:47:36 UTC] Tribe custom template paths: Array
(
    [0] => Array
        (
            [path] => C:\Users\britt\Local Sites\sitecaredev\app\public\wp-content\plugins\tribe-firstlast-fields/tribe/
            [priority] => 11
            [namespace] => 
        )

    [plugin] => Array
        (
            [id] => plugin
            [priority] => 20
            [path] => C:\Users\britt\Local Sites\sitecaredev\app\public\wp-content\plugins\event-tickets\src\views
        )

    [common] => Array
        (
            [id] => common
            [priority] => 100
            [path] => C:\Users\britt\Local Sites\sitecaredev\app\public\wp-content\plugins\event-tickets\common\src\views
        )

)

[25-Jul-2025 14:47:36 UTC] Tribe custom template paths: Array
(
    [0] => Array
        (
            [path] => C:\Users\britt\Local Sites\sitecaredev\app\public\wp-content\plugins\tribe-firstlast-fields/tribe/
            [priority] => 11
            [namespace] => 
        )

    [plugin] => Array
        (
            [id] => plugin
            [priority] => 20
            [path] => C:\Users\britt\Local Sites\sitecaredev\app\public\wp-content\plugins\event-tickets\src\views
        )

    [common] => Array
        (
            [id] => common
            [priority] => 100
            [path] => C:\Users\britt\Local Sites\sitecaredev\app\public\wp-content\plugins\event-tickets\common\src\views
        )

)

[25-Jul-2025 14:47:36 UTC] Tribe custom template paths: Array
(
    [0] => Array
        (
            [path] => C:\Users\britt\Local Sites\sitecaredev\app\public\wp-content\plugins\tribe-firstlast-fields/tribe/
            [priority] => 11
            [namespace] => 
        )

    [plugin] => Array
        (
            [id] => plugin
            [priority] => 20
            [path] => C:\Users\britt\Local Sites\sitecaredev\app\public\wp-content\plugins\event-tickets\src\views
        )

    [common] => Array
        (
            [id] => common
            [priority] => 100
            [path] => C:\Users\britt\Local Sites\sitecaredev\app\public\wp-content\plugins\event-tickets\common\src\views
        )

)

[25-Jul-2025 14:47:36 UTC] Tribe custom template paths: Array
(
    [0] => Array
        (
            [path] => C:\Users\britt\Local Sites\sitecaredev\app\public\wp-content\plugins\tribe-firstlast-fields/tribe/
            [priority] => 11
            [namespace] => 
        )

    [plugin] => Array
        (
            [id] => plugin
            [priority] => 20
            [path] => C:\Users\britt\Local Sites\sitecaredev\app\public\wp-content\plugins\event-tickets-plus\src\views
        )

    [common] => Array
        (
            [id] => common
            [priority] => 100
            [path] => C:\Users\britt\Local Sites\sitecaredev\app\public\wp-content\plugins\event-tickets\common\src\views
        )

)

[25-Jul-2025 14:47:36 UTC] Tribe custom template paths: Array
(
    [0] => Array
        (
            [path] => C:\Users\britt\Local Sites\sitecaredev\app\public\wp-content\plugins\tribe-firstlast-fields/tribe/
            [priority] => 11
            [namespace] => 
        )

    [plugin] => Array
        (
            [id] => plugin
            [priority] => 20
            [path] => C:\Users\britt\Local Sites\sitecaredev\app\public\wp-content\plugins\event-tickets-plus\src\views
        )

    [common] => Array
        (
            [id] => common
            [priority] => 100
            [path] => C:\Users\britt\Local Sites\sitecaredev\app\public\wp-content\plugins\event-tickets\common\src\views
        )

)

[25-Jul-2025 14:47:36 UTC] Tribe custom template paths: Array
(
    [0] => Array
        (
            [path] => C:\Users\britt\Local Sites\sitecaredev\app\public\wp-content\plugins\tribe-firstlast-fields/tribe/
            [priority] => 11
            [namespace] => 
        )

    [plugin] => Array
        (
            [id] => plugin
            [priority] => 20
            [path] => C:\Users\britt\Local Sites\sitecaredev\app\public\wp-content\plugins\event-tickets-plus\src\views
        )

    [common] => Array
        (
            [id] => common
            [priority] => 100
            [path] => C:\Users\britt\Local Sites\sitecaredev\app\public\wp-content\plugins\event-tickets\common\src\views
        )

)

[25-Jul-2025 14:47:36 UTC] Tribe custom template paths: Array
(
    [0] => Array
        (
            [path] => C:\Users\britt\Local Sites\sitecaredev\app\public\wp-content\plugins\tribe-firstlast-fields/tribe/
            [priority] => 11
            [namespace] => 
        )

    [plugin] => Array
        (
            [id] => plugin
            [priority] => 20
            [path] => C:\Users\britt\Local Sites\sitecaredev\app\public\wp-content\plugins\event-tickets\src\views
        )

    [common] => Array
        (
            [id] => common
            [priority] => 100
            [path] => C:\Users\britt\Local Sites\sitecaredev\app\public\wp-content\plugins\event-tickets\common\src\views
        )

)

[25-Jul-2025 14:47:36 UTC] Tribe custom template paths: Array
(
    [0] => Array
        (
            [path] => C:\Users\britt\Local Sites\sitecaredev\app\public\wp-content\plugins\tribe-firstlast-fields/tribe/
            [priority] => 11
            [namespace] => 
        )

    [plugin] => Array
        (
            [id] => plugin
            [priority] => 20
            [path] => C:\Users\britt\Local Sites\sitecaredev\app\public\wp-content\plugins\event-tickets\src\views
        )

    [common] => Array
        (
            [id] => common
            [priority] => 100
            [path] => C:\Users\britt\Local Sites\sitecaredev\app\public\wp-content\plugins\event-tickets\common\src\views
        )

)

[25-Jul-2025 14:47:36 UTC] Tribe custom template paths: Array
(
    [0] => Array
        (
            [path] => C:\Users\britt\Local Sites\sitecaredev\app\public\wp-content\plugins\tribe-firstlast-fields/tribe/
            [priority] => 11
            [namespace] => 
        )

    [plugin] => Array
        (
            [id] => plugin
            [priority] => 20
            [path] => C:\Users\britt\Local Sites\sitecaredev\app\public\wp-content\plugins\event-tickets-plus\src\views
        )

    [common] => Array
        (
            [id] => common
            [priority] => 100
            [path] => C:\Users\britt\Local Sites\sitecaredev\app\public\wp-content\plugins\event-tickets\common\src\views
        )

)

[25-Jul-2025 14:47:36 UTC] Tribe custom template paths: Array
(
    [0] => Array
        (
            [path] => C:\Users\britt\Local Sites\sitecaredev\app\public\wp-content\plugins\tribe-firstlast-fields/tribe/
            [priority] => 11
            [namespace] => 
        )

    [plugin] => Array
        (
            [id] => plugin
            [priority] => 20
            [path] => C:\Users\britt\Local Sites\sitecaredev\app\public\wp-content\plugins\event-tickets-plus\src\views
        )

    [common] => Array
        (
            [id] => common
            [priority] => 100
            [path] => C:\Users\britt\Local Sites\sitecaredev\app\public\wp-content\plugins\event-tickets\common\src\views
        )

)

[25-Jul-2025 14:47:36 UTC] Tribe custom template paths: Array
(
    [0] => Array
        (
            [path] => C:\Users\britt\Local Sites\sitecaredev\app\public\wp-content\plugins\tribe-firstlast-fields/tribe/
            [priority] => 11
            [namespace] => 
        )

    [plugin] => Array
        (
            [id] => plugin
            [priority] => 20
            [path] => C:\Users\britt\Local Sites\sitecaredev\app\public\wp-content\plugins\event-tickets-plus\src\views
        )

    [common] => Array
        (
            [id] => common
            [priority] => 100
            [path] => C:\Users\britt\Local Sites\sitecaredev\app\public\wp-content\plugins\event-tickets\common\src\views
        )

)

[25-Jul-2025 14:47:36 UTC] Tribe custom template paths: Array
(
    [0] => Array
        (
            [path] => C:\Users\britt\Local Sites\sitecaredev\app\public\wp-content\plugins\tribe-firstlast-fields/tribe/
            [priority] => 11
            [namespace] => 
        )

    [plugin] => Array
        (
            [id] => plugin
            [priority] => 20
            [path] => C:\Users\britt\Local Sites\sitecaredev\app\public\wp-content\plugins\event-tickets-plus\src\views
        )

    [common] => Array
        (
            [id] => common
            [priority] => 100
            [path] => C:\Users\britt\Local Sites\sitecaredev\app\public\wp-content\plugins\event-tickets\common\src\views
        )

)

[25-Jul-2025 14:47:36 UTC] Tribe custom template paths: Array
(
    [0] => Array
        (
            [path] => C:\Users\britt\Local Sites\sitecaredev\app\public\wp-content\plugins\tribe-firstlast-fields/tribe/
            [priority] => 11
            [namespace] => 
        )

    [plugin] => Array
        (
            [id] => plugin
            [priority] => 20
            [path] => C:\Users\britt\Local Sites\sitecaredev\app\public\wp-content\plugins\event-tickets-plus\src\views
        )

    [common] => Array
        (
            [id] => common
            [priority] => 100
            [path] => C:\Users\britt\Local Sites\sitecaredev\app\public\wp-content\plugins\event-tickets\common\src\views
        )

)

[25-Jul-2025 14:47:36 UTC] Tribe custom template paths: Array
(
    [0] => Array
        (
            [path] => C:\Users\britt\Local Sites\sitecaredev\app\public\wp-content\plugins\tribe-firstlast-fields/tribe/
            [priority] => 11
            [namespace] => 
        )

    [plugin] => Array
        (
            [id] => plugin
            [priority] => 20
            [path] => C:\Users\britt\Local Sites\sitecaredev\app\public\wp-content\plugins\event-tickets-plus\src\views
        )

    [common] => Array
        (
            [id] => common
            [priority] => 100
            [path] => C:\Users\britt\Local Sites\sitecaredev\app\public\wp-content\plugins\event-tickets\common\src\views
        )

)

[25-Jul-2025 14:47:36 UTC] Tribe custom template paths: Array
(
    [0] => Array
        (
            [path] => C:\Users\britt\Local Sites\sitecaredev\app\public\wp-content\plugins\tribe-firstlast-fields/tribe/
            [priority] => 11
            [namespace] => 
        )

    [plugin] => Array
        (
            [id] => plugin
            [priority] => 20
            [path] => C:\Users\britt\Local Sites\sitecaredev\app\public\wp-content\plugins\event-tickets-plus\src\views
        )

    [common] => Array
        (
            [id] => common
            [priority] => 100
            [path] => C:\Users\britt\Local Sites\sitecaredev\app\public\wp-content\plugins\event-tickets\common\src\views
        )

)

[25-Jul-2025 14:47:36 UTC] Tribe custom template paths: Array
(
    [0] => Array
        (
            [path] => C:\Users\britt\Local Sites\sitecaredev\app\public\wp-content\plugins\tribe-firstlast-fields/tribe/
            [priority] => 11
            [namespace] => 
        )

    [plugin] => Array
        (
            [id] => plugin
            [priority] => 20
            [path] => C:\Users\britt\Local Sites\sitecaredev\app\public\wp-content\plugins\event-tickets-plus\src\views
        )

    [common] => Array
        (
            [id] => common
            [priority] => 100
            [path] => C:\Users\britt\Local Sites\sitecaredev\app\public\wp-content\plugins\event-tickets\common\src\views
        )

)

[25-Jul-2025 14:47:36 UTC] Tribe custom template paths: Array
(
    [0] => Array
        (
            [path] => C:\Users\britt\Local Sites\sitecaredev\app\public\wp-content\plugins\tribe-firstlast-fields/tribe/
            [priority] => 11
            [namespace] => 
        )

    [plugin] => Array
        (
            [id] => plugin
            [priority] => 20
            [path] => C:\Users\britt\Local Sites\sitecaredev\app\public\wp-content\plugins\event-tickets\common\src\views\dialog
        )

    [common] => Array
        (
            [id] => common
            [priority] => 100
            [path] => C:\Users\britt\Local Sites\sitecaredev\app\public\wp-content\plugins\event-tickets\common\src\views\dialog
        )

)

[25-Jul-2025 14:47:36 UTC] Tribe custom template paths: Array
(
    [0] => Array
        (
            [path] => C:\Users\britt\Local Sites\sitecaredev\app\public\wp-content\plugins\tribe-firstlast-fields/tribe/
            [priority] => 11
            [namespace] => 
        )

    [plugin] => Array
        (
            [id] => plugin
            [priority] => 20
            [path] => C:\Users\britt\Local Sites\sitecaredev\app\public\wp-content\plugins\event-tickets\common\src\views\dialog
        )

    [common] => Array
        (
            [id] => common
            [priority] => 100
            [path] => C:\Users\britt\Local Sites\sitecaredev\app\public\wp-content\plugins\event-tickets\common\src\views\dialog
        )

)

[25-Jul-2025 14:47:36 UTC] Tribe custom template paths: Array
(
    [0] => Array
        (
            [path] => C:\Users\britt\Local Sites\sitecaredev\app\public\wp-content\plugins\tribe-firstlast-fields/tribe/
            [priority] => 11
            [namespace] => 
        )

    [plugin] => Array
        (
            [id] => plugin
            [priority] => 20
            [path] => C:\Users\britt\Local Sites\sitecaredev\app\public\wp-content\plugins\event-tickets-plus\src\views
        )

    [common] => Array
        (
            [id] => common
            [priority] => 100
            [path] => C:\Users\britt\Local Sites\sitecaredev\app\public\wp-content\plugins\event-tickets\common\src\views
        )

)

[25-Jul-2025 14:47:36 UTC] Tribe custom template paths: Array
(
    [0] => Array
        (
            [path] => C:\Users\britt\Local Sites\sitecaredev\app\public\wp-content\plugins\tribe-firstlast-fields/tribe/
            [priority] => 11
            [namespace] => 
        )

    [plugin] => Array
        (
            [id] => plugin
            [priority] => 20
            [path] => C:\Users\britt\Local Sites\sitecaredev\app\public\wp-content\plugins\event-tickets-plus\src\views
        )

    [common] => Array
        (
            [id] => common
            [priority] => 100
            [path] => C:\Users\britt\Local Sites\sitecaredev\app\public\wp-content\plugins\event-tickets\common\src\views
        )

)

[25-Jul-2025 14:47:36 UTC] Tribe custom template paths: Array
(
    [0] => Array
        (
            [path] => C:\Users\britt\Local Sites\sitecaredev\app\public\wp-content\plugins\tribe-firstlast-fields/tribe/
            [priority] => 11
            [namespace] => 
        )

    [plugin] => Array
        (
            [id] => plugin
            [priority] => 20
            [path] => C:\Users\britt\Local Sites\sitecaredev\app\public\wp-content\plugins\event-tickets-plus\src\views
        )

    [common] => Array
        (
            [id] => common
            [priority] => 100
            [path] => C:\Users\britt\Local Sites\sitecaredev\app\public\wp-content\plugins\event-tickets\common\src\views
        )

)

[25-Jul-2025 14:47:36 UTC] Tribe custom template paths: Array
(
    [0] => Array
        (
            [path] => C:\Users\britt\Local Sites\sitecaredev\app\public\wp-content\plugins\tribe-firstlast-fields/tribe/
            [priority] => 11
            [namespace] => 
        )

    [plugin] => Array
        (
            [id] => plugin
            [priority] => 20
            [path] => C:\Users\britt\Local Sites\sitecaredev\app\public\wp-content\plugins\event-tickets-plus\src\views
        )

    [common] => Array
        (
            [id] => common
            [priority] => 100
            [path] => C:\Users\britt\Local Sites\sitecaredev\app\public\wp-content\plugins\event-tickets\common\src\views
        )

)

[25-Jul-2025 14:47:36 UTC] Tribe custom template paths: Array
(
    [0] => Array
        (
            [path] => C:\Users\britt\Local Sites\sitecaredev\app\public\wp-content\plugins\tribe-firstlast-fields/tribe/
            [priority] => 11
            [namespace] => 
        )

    [plugin] => Array
        (
            [id] => plugin
            [priority] => 20
            [path] => C:\Users\britt\Local Sites\sitecaredev\app\public\wp-content\plugins\event-tickets-plus\src\views
        )

    [common] => Array
        (
            [id] => common
            [priority] => 100
            [path] => C:\Users\britt\Local Sites\sitecaredev\app\public\wp-content\plugins\event-tickets\common\src\views
        )

)

[25-Jul-2025 14:47:36 UTC] Tribe custom template paths: Array
(
    [0] => Array
        (
            [path] => C:\Users\britt\Local Sites\sitecaredev\app\public\wp-content\plugins\tribe-firstlast-fields/tribe/
            [priority] => 11
            [namespace] => 
        )

    [plugin] => Array
        (
            [id] => plugin
            [priority] => 20
            [path] => C:\Users\britt\Local Sites\sitecaredev\app\public\wp-content\plugins\event-tickets-plus\src\views
        )

    [common] => Array
        (
            [id] => common
            [priority] => 100
            [path] => C:\Users\britt\Local Sites\sitecaredev\app\public\wp-content\plugins\event-tickets\common\src\views
        )

)

[25-Jul-2025 14:47:36 UTC] Tribe custom template paths: Array
(
    [0] => Array
        (
            [path] => C:\Users\britt\Local Sites\sitecaredev\app\public\wp-content\plugins\tribe-firstlast-fields/tribe/
            [priority] => 11
            [namespace] => 
        )

    [plugin] => Array
        (
            [id] => plugin
            [priority] => 20
            [path] => C:\Users\britt\Local Sites\sitecaredev\app\public\wp-content\plugins\event-tickets-plus\src\views
        )

    [common] => Array
        (
            [id] => common
            [priority] => 100
            [path] => C:\Users\britt\Local Sites\sitecaredev\app\public\wp-content\plugins\event-tickets\common\src\views
        )

)

[25-Jul-2025 14:47:36 UTC] Tribe custom template paths: Array
(
    [0] => Array
        (
            [path] => C:\Users\britt\Local Sites\sitecaredev\app\public\wp-content\plugins\tribe-firstlast-fields/tribe/
            [priority] => 11
            [namespace] => 
        )

    [plugin] => Array
        (
            [id] => plugin
            [priority] => 20
            [path] => C:\Users\britt\Local Sites\sitecaredev\app\public\wp-content\plugins\event-tickets-plus\src\views
        )

    [common] => Array
        (
            [id] => common
            [priority] => 100
            [path] => C:\Users\britt\Local Sites\sitecaredev\app\public\wp-content\plugins\event-tickets\common\src\views
        )

)

[25-Jul-2025 14:47:36 UTC] Tribe custom template paths: Array
(
    [0] => Array
        (
            [path] => C:\Users\britt\Local Sites\sitecaredev\app\public\wp-content\plugins\tribe-firstlast-fields/tribe/
            [priority] => 11
            [namespace] => 
        )

    [plugin] => Array
        (
            [id] => plugin
            [priority] => 20
            [path] => C:\Users\britt\Local Sites\sitecaredev\app\public\wp-content\plugins\event-tickets\src\views
        )

    [common] => Array
        (
            [id] => common
            [priority] => 100
            [path] => C:\Users\britt\Local Sites\sitecaredev\app\public\wp-content\plugins\event-tickets\common\src\views
        )

)

[25-Jul-2025 14:47:36 UTC] Tribe custom template paths: Array
(
    [0] => Array
        (
            [path] => C:\Users\britt\Local Sites\sitecaredev\app\public\wp-content\plugins\tribe-firstlast-fields/tribe/
            [priority] => 11
            [namespace] => 
        )

    [plugin] => Array
        (
            [id] => plugin
            [priority] => 20
            [path] => C:\Users\britt\Local Sites\sitecaredev\app\public\wp-content\plugins\event-tickets-plus\src\views
        )

    [common] => Array
        (
            [id] => common
            [priority] => 100
            [path] => C:\Users\britt\Local Sites\sitecaredev\app\public\wp-content\plugins\event-tickets\common\src\views
        )

)

[25-Jul-2025 14:58:59 UTC] PHP Warning:  Attempt to read property "priority" on string in C:\Users\britt\Local Sites\sitecaredev\app\public\wp-content\plugins\event-tickets\common\src\functions\utils.php on line 406
[25-Jul-2025 14:58:59 UTC] PHP Warning:  Attempt to read property "priority" on string in C:\Users\britt\Local Sites\sitecaredev\app\public\wp-content\plugins\event-tickets\common\src\functions\utils.php on line 406
[25-Jul-2025 14:58:59 UTC] PHP Warning:  Attempt to read property "priority" on string in C:\Users\britt\Local Sites\sitecaredev\app\public\wp-content\plugins\event-tickets\common\src\functions\utils.php on line 406
[25-Jul-2025 14:58:59 UTC] PHP Warning:  Attempt to read property "priority" on string in C:\Users\britt\Local Sites\sitecaredev\app\public\wp-content\plugins\event-tickets\common\src\functions\utils.php on line 406
[25-Jul-2025 14:58:59 UTC] PHP Warning:  Attempt to read property "priority" on string in C:\Users\britt\Local Sites\sitecaredev\app\public\wp-content\plugins\event-tickets\common\src\functions\utils.php on line 406
[25-Jul-2025 14:58:59 UTC] PHP Warning:  Attempt to read property "priority" on string in C:\Users\britt\Local Sites\sitecaredev\app\public\wp-content\plugins\event-tickets\common\src\functions\utils.php on line 406
[25-Jul-2025 14:58:59 UTC] PHP Warning:  Attempt to read property "priority" on string in C:\Users\britt\Local Sites\sitecaredev\app\public\wp-content\plugins\event-tickets\common\src\functions\utils.php on line 406
[25-Jul-2025 14:58:59 UTC] PHP Warning:  Attempt to read property "priority" on string in C:\Users\britt\Local Sites\sitecaredev\app\public\wp-content\plugins\event-tickets\common\src\functions\utils.php on line 406
[25-Jul-2025 14:58:59 UTC] PHP Warning:  Attempt to read property "priority" on string in C:\Users\britt\Local Sites\sitecaredev\app\public\wp-content\plugins\event-tickets\common\src\functions\utils.php on line 406
[25-Jul-2025 14:58:59 UTC] PHP Warning:  Attempt to read property "priority" on string in C:\Users\britt\Local Sites\sitecaredev\app\public\wp-content\plugins\event-tickets\common\src\functions\utils.php on line 406
[25-Jul-2025 14:58:59 UTC] PHP Warning:  Attempt to read property "priority" on string in C:\Users\britt\Local Sites\sitecaredev\app\public\wp-content\plugins\event-tickets\common\src\functions\utils.php on line 406
[25-Jul-2025 14:58:59 UTC] PHP Warning:  Attempt to read property "priority" on string in C:\Users\britt\Local Sites\sitecaredev\app\public\wp-content\plugins\event-tickets\common\src\functions\utils.php on line 406
[25-Jul-2025 14:58:59 UTC] PHP Warning:  Attempt to read property "priority" on string in C:\Users\britt\Local Sites\sitecaredev\app\public\wp-content\plugins\event-tickets\common\src\functions\utils.php on line 406
[25-Jul-2025 14:58:59 UTC] PHP Warning:  Attempt to read property "priority" on string in C:\Users\britt\Local Sites\sitecaredev\app\public\wp-content\plugins\event-tickets\common\src\functions\utils.php on line 406
[25-Jul-2025 14:58:59 UTC] PHP Warning:  Attempt to read property "priority" on string in C:\Users\britt\Local Sites\sitecaredev\app\public\wp-content\plugins\event-tickets\common\src\functions\utils.php on line 406
[25-Jul-2025 14:58:59 UTC] PHP Warning:  Attempt to read property "priority" on string in C:\Users\britt\Local Sites\sitecaredev\app\public\wp-content\plugins\event-tickets\common\src\functions\utils.php on line 406
[25-Jul-2025 14:58:59 UTC] PHP Warning:  Attempt to read property "priority" on string in C:\Users\britt\Local Sites\sitecaredev\app\public\wp-content\plugins\event-tickets\common\src\functions\utils.php on line 406
[25-Jul-2025 14:58:59 UTC] PHP Warning:  Attempt to read property "priority" on string in C:\Users\britt\Local Sites\sitecaredev\app\public\wp-content\plugins\event-tickets\common\src\functions\utils.php on line 406
[25-Jul-2025 14:58:59 UTC] PHP Warning:  Attempt to read property "priority" on string in C:\Users\britt\Local Sites\sitecaredev\app\public\wp-content\plugins\event-tickets\common\src\functions\utils.php on line 406
[25-Jul-2025 14:58:59 UTC] PHP Warning:  Attempt to read property "priority" on string in C:\Users\britt\Local Sites\sitecaredev\app\public\wp-content\plugins\event-tickets\common\src\functions\utils.php on line 406
[25-Jul-2025 14:58:59 UTC] PHP Warning:  Attempt to read property "priority" on string in C:\Users\britt\Local Sites\sitecaredev\app\public\wp-content\plugins\event-tickets\common\src\functions\utils.php on line 406
[25-Jul-2025 14:58:59 UTC] PHP Warning:  Attempt to read property "priority" on string in C:\Users\britt\Local Sites\sitecaredev\app\public\wp-content\plugins\event-tickets\common\src\functions\utils.php on line 406
[25-Jul-2025 14:58:59 UTC] PHP Warning:  Attempt to read property "priority" on string in C:\Users\britt\Local Sites\sitecaredev\app\public\wp-content\plugins\event-tickets\common\src\functions\utils.php on line 406
[25-Jul-2025 14:58:59 UTC] PHP Warning:  Attempt to read property "priority" on string in C:\Users\britt\Local Sites\sitecaredev\app\public\wp-content\plugins\event-tickets\common\src\functions\utils.php on line 406
[25-Jul-2025 14:58:59 UTC] PHP Warning:  Attempt to read property "priority" on string in C:\Users\britt\Local Sites\sitecaredev\app\public\wp-content\plugins\event-tickets\common\src\functions\utils.php on line 406
[25-Jul-2025 14:58:59 UTC] PHP Warning:  Attempt to read property "priority" on string in C:\Users\britt\Local Sites\sitecaredev\app\public\wp-content\plugins\event-tickets\common\src\functions\utils.php on line 406
[25-Jul-2025 14:58:59 UTC] PHP Warning:  Attempt to read property "priority" on string in C:\Users\britt\Local Sites\sitecaredev\app\public\wp-content\plugins\event-tickets\common\src\functions\utils.php on line 406
[25-Jul-2025 14:58:59 UTC] PHP Warning:  Attempt to read property "priority" on string in C:\Users\britt\Local Sites\sitecaredev\app\public\wp-content\plugins\event-tickets\common\src\functions\utils.php on line 406
[25-Jul-2025 14:58:59 UTC] PHP Warning:  Attempt to read property "priority" on string in C:\Users\britt\Local Sites\sitecaredev\app\public\wp-content\plugins\event-tickets\common\src\functions\utils.php on line 406
[25-Jul-2025 14:58:59 UTC] PHP Warning:  Attempt to read property "priority" on string in C:\Users\britt\Local Sites\sitecaredev\app\public\wp-content\plugins\event-tickets\common\src\functions\utils.php on line 406
[25-Jul-2025 14:58:59 UTC] PHP Warning:  Attempt to read property "priority" on string in C:\Users\britt\Local Sites\sitecaredev\app\public\wp-content\plugins\event-tickets\common\src\functions\utils.php on line 406
[25-Jul-2025 14:58:59 UTC] PHP Warning:  Attempt to read property "priority" on string in C:\Users\britt\Local Sites\sitecaredev\app\public\wp-content\plugins\event-tickets\common\src\functions\utils.php on line 406
[25-Jul-2025 14:58:59 UTC] PHP Warning:  Attempt to read property "priority" on string in C:\Users\britt\Local Sites\sitecaredev\app\public\wp-content\plugins\event-tickets\common\src\functions\utils.php on line 406
[25-Jul-2025 14:58:59 UTC] PHP Warning:  Attempt to read property "priority" on string in C:\Users\britt\Local Sites\sitecaredev\app\public\wp-content\plugins\event-tickets\common\src\functions\utils.php on line 406
[25-Jul-2025 14:58:59 UTC] PHP Warning:  Attempt to read property "priority" on string in C:\Users\britt\Local Sites\sitecaredev\app\public\wp-content\plugins\event-tickets\common\src\functions\utils.php on line 406
[25-Jul-2025 14:58:59 UTC] PHP Warning:  Attempt to read property "priority" on string in C:\Users\britt\Local Sites\sitecaredev\app\public\wp-content\plugins\event-tickets\common\src\functions\utils.php on line 406
[25-Jul-2025 14:58:59 UTC] PHP Warning:  Attempt to read property "priority" on string in C:\Users\britt\Local Sites\sitecaredev\app\public\wp-content\plugins\event-tickets\common\src\functions\utils.php on line 406
[25-Jul-2025 14:58:59 UTC] PHP Warning:  Attempt to read property "priority" on string in C:\Users\britt\Local Sites\sitecaredev\app\public\wp-content\plugins\event-tickets\common\src\functions\utils.php on line 406
[25-Jul-2025 14:58:59 UTC] PHP Warning:  Attempt to read property "priority" on string in C:\Users\britt\Local Sites\sitecaredev\app\public\wp-content\plugins\event-tickets\common\src\functions\utils.php on line 406
[25-Jul-2025 14:58:59 UTC] PHP Warning:  Attempt to read property "priority" on string in C:\Users\britt\Local Sites\sitecaredev\app\public\wp-content\plugins\event-tickets\common\src\functions\utils.php on line 406
[25-Jul-2025 14:58:59 UTC] PHP Warning:  Attempt to read property "priority" on string in C:\Users\britt\Local Sites\sitecaredev\app\public\wp-content\plugins\event-tickets\common\src\functions\utils.php on line 406
[25-Jul-2025 14:58:59 UTC] PHP Warning:  Attempt to read property "priority" on string in C:\Users\britt\Local Sites\sitecaredev\app\public\wp-content\plugins\event-tickets\common\src\functions\utils.php on line 406
[25-Jul-2025 14:58:59 UTC] PHP Warning:  Attempt to read property "priority" on string in C:\Users\britt\Local Sites\sitecaredev\app\public\wp-content\plugins\event-tickets\common\src\functions\utils.php on line 406
[25-Jul-2025 14:58:59 UTC] PHP Warning:  Attempt to read property "priority" on string in C:\Users\britt\Local Sites\sitecaredev\app\public\wp-content\plugins\event-tickets\common\src\functions\utils.php on line 406
[25-Jul-2025 14:58:59 UTC] PHP Warning:  Attempt to read property "priority" on string in C:\Users\britt\Local Sites\sitecaredev\app\public\wp-content\plugins\event-tickets\common\src\functions\utils.php on line 406
[25-Jul-2025 14:58:59 UTC] PHP Warning:  Attempt to read property "priority" on string in C:\Users\britt\Local Sites\sitecaredev\app\public\wp-content\plugins\event-tickets\common\src\functions\utils.php on line 406
[25-Jul-2025 14:58:59 UTC] PHP Warning:  Attempt to read property "priority" on string in C:\Users\britt\Local Sites\sitecaredev\app\public\wp-content\plugins\event-tickets\common\src\functions\utils.php on line 406
[25-Jul-2025 14:58:59 UTC] PHP Warning:  Attempt to read property "priority" on string in C:\Users\britt\Local Sites\sitecaredev\app\public\wp-content\plugins\event-tickets\common\src\functions\utils.php on line 406
[25-Jul-2025 14:58:59 UTC] PHP Warning:  Attempt to read property "priority" on string in C:\Users\britt\Local Sites\sitecaredev\app\public\wp-content\plugins\event-tickets\common\src\functions\utils.php on line 406
[25-Jul-2025 14:58:59 UTC] PHP Warning:  Attempt to read property "priority" on string in C:\Users\britt\Local Sites\sitecaredev\app\public\wp-content\plugins\event-tickets\common\src\functions\utils.php on line 406
[25-Jul-2025 14:58:59 UTC] PHP Warning:  Attempt to read property "priority" on string in C:\Users\britt\Local Sites\sitecaredev\app\public\wp-content\plugins\event-tickets\common\src\functions\utils.php on line 406
[25-Jul-2025 14:58:59 UTC] PHP Warning:  Attempt to read property "priority" on string in C:\Users\britt\Local Sites\sitecaredev\app\public\wp-content\plugins\event-tickets\common\src\functions\utils.php on line 406
[25-Jul-2025 14:58:59 UTC] PHP Warning:  Attempt to read property "priority" on string in C:\Users\britt\Local Sites\sitecaredev\app\public\wp-content\plugins\event-tickets\common\src\functions\utils.php on line 406
[25-Jul-2025 14:58:59 UTC] PHP Warning:  Attempt to read property "priority" on string in C:\Users\britt\Local Sites\sitecaredev\app\public\wp-content\plugins\event-tickets\common\src\functions\utils.php on line 406
[25-Jul-2025 14:58:59 UTC] PHP Warning:  Attempt to read property "priority" on string in C:\Users\britt\Local Sites\sitecaredev\app\public\wp-content\plugins\event-tickets\common\src\functions\utils.php on line 406
[25-Jul-2025 14:58:59 UTC] PHP Warning:  Attempt to read property "priority" on string in C:\Users\britt\Local Sites\sitecaredev\app\public\wp-content\plugins\event-tickets\common\src\functions\utils.php on line 406
[25-Jul-2025 14:58:59 UTC] PHP Warning:  Attempt to read property "priority" on string in C:\Users\britt\Local Sites\sitecaredev\app\public\wp-content\plugins\event-tickets\common\src\functions\utils.php on line 406
[25-Jul-2025 14:58:59 UTC] PHP Warning:  Attempt to read property "priority" on string in C:\Users\britt\Local Sites\sitecaredev\app\public\wp-content\plugins\event-tickets\common\src\functions\utils.php on line 406
[25-Jul-2025 14:58:59 UTC] PHP Warning:  Attempt to read property "priority" on string in C:\Users\britt\Local Sites\sitecaredev\app\public\wp-content\plugins\event-tickets\common\src\functions\utils.php on line 406
[25-Jul-2025 14:58:59 UTC] PHP Warning:  Attempt to read property "priority" on string in C:\Users\britt\Local Sites\sitecaredev\app\public\wp-content\plugins\event-tickets\common\src\functions\utils.php on line 406
[25-Jul-2025 14:58:59 UTC] PHP Warning:  Attempt to read property "priority" on string in C:\Users\britt\Local Sites\sitecaredev\app\public\wp-content\plugins\event-tickets\common\src\functions\utils.php on line 406
[25-Jul-2025 14:58:59 UTC] PHP Warning:  Attempt to read property "priority" on string in C:\Users\britt\Local Sites\sitecaredev\app\public\wp-content\plugins\event-tickets\common\src\functions\utils.php on line 406
[25-Jul-2025 14:58:59 UTC] PHP Warning:  Attempt to read property "priority" on string in C:\Users\britt\Local Sites\sitecaredev\app\public\wp-content\plugins\event-tickets\common\src\functions\utils.php on line 406
[25-Jul-2025 14:58:59 UTC] PHP Warning:  Attempt to read property "priority" on string in C:\Users\britt\Local Sites\sitecaredev\app\public\wp-content\plugins\event-tickets\common\src\functions\utils.php on line 406
[25-Jul-2025 14:58:59 UTC] PHP Warning:  Attempt to read property "priority" on string in C:\Users\britt\Local Sites\sitecaredev\app\public\wp-content\plugins\event-tickets\common\src\functions\utils.php on line 406
[25-Jul-2025 14:58:59 UTC] PHP Warning:  Attempt to read property "priority" on string in C:\Users\britt\Local Sites\sitecaredev\app\public\wp-content\plugins\event-tickets\common\src\functions\utils.php on line 406
[25-Jul-2025 14:58:59 UTC] PHP Warning:  Attempt to read property "priority" on string in C:\Users\britt\Local Sites\sitecaredev\app\public\wp-content\plugins\event-tickets\common\src\functions\utils.php on line 406
[25-Jul-2025 14:58:59 UTC] PHP Warning:  Attempt to read property "priority" on string in C:\Users\britt\Local Sites\sitecaredev\app\public\wp-content\plugins\event-tickets\common\src\functions\utils.php on line 406
[25-Jul-2025 14:58:59 UTC] PHP Warning:  Attempt to read property "priority" on string in C:\Users\britt\Local Sites\sitecaredev\app\public\wp-content\plugins\event-tickets\common\src\functions\utils.php on line 406
[25-Jul-2025 14:58:59 UTC] PHP Warning:  Attempt to read property "priority" on string in C:\Users\britt\Local Sites\sitecaredev\app\public\wp-content\plugins\event-tickets\common\src\functions\utils.php on line 406
[25-Jul-2025 14:58:59 UTC] PHP Warning:  Attempt to read property "priority" on string in C:\Users\britt\Local Sites\sitecaredev\app\public\wp-content\plugins\event-tickets\common\src\functions\utils.php on line 406
[25-Jul-2025 14:58:59 UTC] PHP Warning:  Attempt to read property "priority" on string in C:\Users\britt\Local Sites\sitecaredev\app\public\wp-content\plugins\event-tickets\common\src\functions\utils.php on line 406
[25-Jul-2025 14:58:59 UTC] PHP Warning:  Attempt to read property "priority" on string in C:\Users\britt\Local Sites\sitecaredev\app\public\wp-content\plugins\event-tickets\common\src\functions\utils.php on line 406
[25-Jul-2025 14:58:59 UTC] PHP Warning:  Attempt to read property "priority" on string in C:\Users\britt\Local Sites\sitecaredev\app\public\wp-content\plugins\event-tickets\common\src\functions\utils.php on line 406
[25-Jul-2025 14:58:59 UTC] PHP Warning:  Attempt to read property "priority" on string in C:\Users\britt\Local Sites\sitecaredev\app\public\wp-content\plugins\event-tickets\common\src\functions\utils.php on line 406
[25-Jul-2025 14:58:59 UTC] PHP Warning:  Attempt to read property "priority" on string in C:\Users\britt\Local Sites\sitecaredev\app\public\wp-content\plugins\event-tickets\common\src\functions\utils.php on line 406
[25-Jul-2025 14:58:59 UTC] PHP Warning:  Attempt to read property "priority" on string in C:\Users\britt\Local Sites\sitecaredev\app\public\wp-content\plugins\event-tickets\common\src\functions\utils.php on line 406
[25-Jul-2025 14:58:59 UTC] PHP Warning:  Attempt to read property "priority" on string in C:\Users\britt\Local Sites\sitecaredev\app\public\wp-content\plugins\event-tickets\common\src\functions\utils.php on line 406
[25-Jul-2025 14:59:00 UTC] PHP Warning:  Attempt to read property "priority" on string in C:\Users\britt\Local Sites\sitecaredev\app\public\wp-content\plugins\event-tickets\common\src\functions\utils.php on line 406
[25-Jul-2025 14:59:00 UTC] PHP Warning:  Attempt to read property "priority" on string in C:\Users\britt\Local Sites\sitecaredev\app\public\wp-content\plugins\event-tickets\common\src\functions\utils.php on line 406
[25-Jul-2025 14:59:00 UTC] PHP Warning:  Attempt to read property "priority" on string in C:\Users\britt\Local Sites\sitecaredev\app\public\wp-content\plugins\event-tickets\common\src\functions\utils.php on line 406
[25-Jul-2025 14:59:00 UTC] PHP Warning:  Attempt to read property "priority" on string in C:\Users\britt\Local Sites\sitecaredev\app\public\wp-content\plugins\event-tickets\common\src\functions\utils.php on line 406
[25-Jul-2025 14:59:00 UTC] PHP Warning:  Attempt to read property "priority" on string in C:\Users\britt\Local Sites\sitecaredev\app\public\wp-content\plugins\event-tickets\common\src\functions\utils.php on line 406
[25-Jul-2025 14:59:00 UTC] PHP Warning:  Attempt to read property "priority" on string in C:\Users\britt\Local Sites\sitecaredev\app\public\wp-content\plugins\event-tickets\common\src\functions\utils.php on line 406
[25-Jul-2025 14:59:00 UTC] PHP Warning:  Attempt to read property "priority" on string in C:\Users\britt\Local Sites\sitecaredev\app\public\wp-content\plugins\event-tickets\common\src\functions\utils.php on line 406
[25-Jul-2025 14:59:00 UTC] PHP Warning:  Attempt to read property "priority" on string in C:\Users\britt\Local Sites\sitecaredev\app\public\wp-content\plugins\event-tickets\common\src\functions\utils.php on line 406
[25-Jul-2025 14:59:00 UTC] PHP Warning:  Attempt to read property "priority" on string in C:\Users\britt\Local Sites\sitecaredev\app\public\wp-content\plugins\event-tickets\common\src\functions\utils.php on line 406
[25-Jul-2025 14:59:00 UTC] PHP Warning:  Attempt to read property "priority" on string in C:\Users\britt\Local Sites\sitecaredev\app\public\wp-content\plugins\event-tickets\common\src\functions\utils.php on line 406
[25-Jul-2025 14:59:00 UTC] PHP Warning:  Attempt to read property "priority" on string in C:\Users\britt\Local Sites\sitecaredev\app\public\wp-content\plugins\event-tickets\common\src\functions\utils.php on line 406
[25-Jul-2025 14:59:00 UTC] PHP Warning:  Attempt to read property "priority" on string in C:\Users\britt\Local Sites\sitecaredev\app\public\wp-content\plugins\event-tickets\common\src\functions\utils.php on line 406
[25-Jul-2025 14:59:00 UTC] PHP Warning:  Attempt to read property "priority" on string in C:\Users\britt\Local Sites\sitecaredev\app\public\wp-content\plugins\event-tickets\common\src\functions\utils.php on line 406
[25-Jul-2025 14:59:00 UTC] PHP Warning:  Attempt to read property "priority" on string in C:\Users\britt\Local Sites\sitecaredev\app\public\wp-content\plugins\event-tickets\common\src\functions\utils.php on line 406
[25-Jul-2025 14:59:00 UTC] PHP Warning:  Attempt to read property "priority" on string in C:\Users\britt\Local Sites\sitecaredev\app\public\wp-content\plugins\event-tickets\common\src\functions\utils.php on line 406
[25-Jul-2025 14:59:00 UTC] PHP Warning:  Attempt to read property "priority" on string in C:\Users\britt\Local Sites\sitecaredev\app\public\wp-content\plugins\event-tickets\common\src\functions\utils.php on line 406
[25-Jul-2025 14:59:00 UTC] PHP Warning:  Attempt to read property "priority" on string in C:\Users\britt\Local Sites\sitecaredev\app\public\wp-content\plugins\event-tickets\common\src\functions\utils.php on line 406
[25-Jul-2025 14:59:00 UTC] PHP Warning:  Attempt to read property "priority" on string in C:\Users\britt\Local Sites\sitecaredev\app\public\wp-content\plugins\event-tickets\common\src\functions\utils.php on line 406
[25-Jul-2025 14:59:00 UTC] PHP Warning:  Attempt to read property "priority" on string in C:\Users\britt\Local Sites\sitecaredev\app\public\wp-content\plugins\event-tickets\common\src\functions\utils.php on line 406
[25-Jul-2025 14:59:00 UTC] PHP Warning:  Attempt to read property "priority" on string in C:\Users\britt\Local Sites\sitecaredev\app\public\wp-content\plugins\event-tickets\common\src\functions\utils.php on line 406
[25-Jul-2025 14:59:00 UTC] PHP Warning:  Attempt to read property "priority" on string in C:\Users\britt\Local Sites\sitecaredev\app\public\wp-content\plugins\event-tickets\common\src\functions\utils.php on line 406
[25-Jul-2025 14:59:00 UTC] PHP Warning:  Attempt to read property "priority" on string in C:\Users\britt\Local Sites\sitecaredev\app\public\wp-content\plugins\event-tickets\common\src\functions\utils.php on line 406
[25-Jul-2025 14:59:00 UTC] PHP Warning:  Attempt to read property "priority" on string in C:\Users\britt\Local Sites\sitecaredev\app\public\wp-content\plugins\event-tickets\common\src\functions\utils.php on line 406
[25-Jul-2025 14:59:00 UTC] PHP Warning:  Attempt to read property "priority" on string in C:\Users\britt\Local Sites\sitecaredev\app\public\wp-content\plugins\event-tickets\common\src\functions\utils.php on line 406
[25-Jul-2025 14:59:00 UTC] PHP Warning:  Attempt to read property "priority" on string in C:\Users\britt\Local Sites\sitecaredev\app\public\wp-content\plugins\event-tickets\common\src\functions\utils.php on line 406
[25-Jul-2025 14:59:00 UTC] PHP Warning:  Attempt to read property "priority" on string in C:\Users\britt\Local Sites\sitecaredev\app\public\wp-content\plugins\event-tickets\common\src\functions\utils.php on line 406
[25-Jul-2025 14:59:00 UTC] PHP Warning:  Attempt to read property "priority" on string in C:\Users\britt\Local Sites\sitecaredev\app\public\wp-content\plugins\event-tickets\common\src\functions\utils.php on line 406
[25-Jul-2025 14:59:00 UTC] PHP Warning:  Attempt to read property "priority" on string in C:\Users\britt\Local Sites\sitecaredev\app\public\wp-content\plugins\event-tickets\common\src\functions\utils.php on line 406
[25-Jul-2025 14:59:00 UTC] PHP Warning:  Attempt to read property "priority" on string in C:\Users\britt\Local Sites\sitecaredev\app\public\wp-content\plugins\event-tickets\common\src\functions\utils.php on line 406
[25-Jul-2025 14:59:00 UTC] PHP Warning:  Attempt to read property "priority" on string in C:\Users\britt\Local Sites\sitecaredev\app\public\wp-content\plugins\event-tickets\common\src\functions\utils.php on line 406
[25-Jul-2025 14:59:00 UTC] PHP Warning:  Attempt to read property "priority" on string in C:\Users\britt\Local Sites\sitecaredev\app\public\wp-content\plugins\event-tickets\common\src\functions\utils.php on line 406
[25-Jul-2025 14:59:00 UTC] PHP Warning:  Attempt to read property "priority" on string in C:\Users\britt\Local Sites\sitecaredev\app\public\wp-content\plugins\event-tickets\common\src\functions\utils.php on line 406
[25-Jul-2025 14:59:00 UTC] PHP Warning:  Attempt to read property "priority" on string in C:\Users\britt\Local Sites\sitecaredev\app\public\wp-content\plugins\event-tickets\common\src\functions\utils.php on line 406
[25-Jul-2025 14:59:00 UTC] PHP Warning:  Attempt to read property "priority" on string in C:\Users\britt\Local Sites\sitecaredev\app\public\wp-content\plugins\event-tickets\common\src\functions\utils.php on line 406
[25-Jul-2025 14:59:00 UTC] PHP Warning:  Attempt to read property "priority" on string in C:\Users\britt\Local Sites\sitecaredev\app\public\wp-content\plugins\event-tickets\common\src\functions\utils.php on line 406
[25-Jul-2025 14:59:00 UTC] PHP Warning:  Attempt to read property "priority" on string in C:\Users\britt\Local Sites\sitecaredev\app\public\wp-content\plugins\event-tickets\common\src\functions\utils.php on line 406
[25-Jul-2025 14:59:00 UTC] PHP Warning:  Attempt to read property "priority" on string in C:\Users\britt\Local Sites\sitecaredev\app\public\wp-content\plugins\event-tickets\common\src\functions\utils.php on line 406
[25-Jul-2025 14:59:00 UTC] PHP Warning:  Attempt to read property "priority" on string in C:\Users\britt\Local Sites\sitecaredev\app\public\wp-content\plugins\event-tickets\common\src\functions\utils.php on line 406
[25-Jul-2025 14:59:00 UTC] PHP Warning:  Attempt to read property "priority" on string in C:\Users\britt\Local Sites\sitecaredev\app\public\wp-content\plugins\event-tickets\common\src\functions\utils.php on line 406
[25-Jul-2025 14:59:00 UTC] PHP Warning:  Attempt to read property "priority" on string in C:\Users\britt\Local Sites\sitecaredev\app\public\wp-content\plugins\event-tickets\common\src\functions\utils.php on line 406
[25-Jul-2025 14:59:00 UTC] PHP Warning:  Attempt to read property "priority" on string in C:\Users\britt\Local Sites\sitecaredev\app\public\wp-content\plugins\event-tickets\common\src\functions\utils.php on line 406
[25-Jul-2025 14:59:00 UTC] PHP Warning:  Attempt to read property "priority" on string in C:\Users\britt\Local Sites\sitecaredev\app\public\wp-content\plugins\event-tickets\common\src\functions\utils.php on line 406
[25-Jul-2025 14:59:00 UTC] PHP Warning:  Attempt to read property "priority" on string in C:\Users\britt\Local Sites\sitecaredev\app\public\wp-content\plugins\event-tickets\common\src\functions\utils.php on line 406
[25-Jul-2025 14:59:00 UTC] PHP Warning:  Attempt to read property "priority" on string in C:\Users\britt\Local Sites\sitecaredev\app\public\wp-content\plugins\event-tickets\common\src\functions\utils.php on line 406
[25-Jul-2025 14:59:00 UTC] PHP Warning:  Attempt to read property "priority" on string in C:\Users\britt\Local Sites\sitecaredev\app\public\wp-content\plugins\event-tickets\common\src\functions\utils.php on line 406
[25-Jul-2025 14:59:00 UTC] PHP Warning:  Attempt to read property "priority" on string in C:\Users\britt\Local Sites\sitecaredev\app\public\wp-content\plugins\event-tickets\common\src\functions\utils.php on line 406
[25-Jul-2025 14:59:00 UTC] PHP Warning:  Attempt to read property "priority" on string in C:\Users\britt\Local Sites\sitecaredev\app\public\wp-content\plugins\event-tickets\common\src\functions\utils.php on line 406
[25-Jul-2025 14:59:00 UTC] PHP Warning:  Attempt to read property "priority" on string in C:\Users\britt\Local Sites\sitecaredev\app\public\wp-content\plugins\event-tickets\common\src\functions\utils.php on line 406
[25-Jul-2025 14:59:00 UTC] PHP Warning:  Attempt to read property "priority" on string in C:\Users\britt\Local Sites\sitecaredev\app\public\wp-content\plugins\event-tickets\common\src\functions\utils.php on line 406
[25-Jul-2025 14:59:00 UTC] PHP Warning:  Attempt to read property "priority" on string in C:\Users\britt\Local Sites\sitecaredev\app\public\wp-content\plugins\event-tickets\common\src\functions\utils.php on line 406
[25-Jul-2025 14:59:00 UTC] PHP Warning:  Attempt to read property "priority" on string in C:\Users\britt\Local Sites\sitecaredev\app\public\wp-content\plugins\event-tickets\common\src\functions\utils.php on line 406
[25-Jul-2025 14:59:00 UTC] PHP Warning:  Attempt to read property "priority" on string in C:\Users\britt\Local Sites\sitecaredev\app\public\wp-content\plugins\event-tickets\common\src\functions\utils.php on line 406
[25-Jul-2025 14:59:00 UTC] PHP Warning:  Attempt to read property "priority" on string in C:\Users\britt\Local Sites\sitecaredev\app\public\wp-content\plugins\event-tickets\common\src\functions\utils.php on line 406
[25-Jul-2025 14:59:00 UTC] PHP Warning:  Attempt to read property "priority" on string in C:\Users\britt\Local Sites\sitecaredev\app\public\wp-content\plugins\event-tickets\common\src\functions\utils.php on line 406
[25-Jul-2025 14:59:00 UTC] PHP Warning:  Attempt to read property "priority" on string in C:\Users\britt\Local Sites\sitecaredev\app\public\wp-content\plugins\event-tickets\common\src\functions\utils.php on line 406
[25-Jul-2025 14:59:00 UTC] PHP Warning:  Attempt to read property "priority" on string in C:\Users\britt\Local Sites\sitecaredev\app\public\wp-content\plugins\event-tickets\common\src\functions\utils.php on line 406
[25-Jul-2025 14:59:00 UTC] PHP Warning:  Attempt to read property "priority" on string in C:\Users\britt\Local Sites\sitecaredev\app\public\wp-content\plugins\event-tickets\common\src\functions\utils.php on line 406
[25-Jul-2025 14:59:00 UTC] PHP Warning:  Attempt to read property "priority" on string in C:\Users\britt\Local Sites\sitecaredev\app\public\wp-content\plugins\event-tickets\common\src\functions\utils.php on line 406
[25-Jul-2025 14:59:00 UTC] PHP Warning:  Attempt to read property "priority" on string in C:\Users\britt\Local Sites\sitecaredev\app\public\wp-content\plugins\event-tickets\common\src\functions\utils.php on line 406
[25-Jul-2025 14:59:00 UTC] PHP Warning:  Attempt to read property "priority" on string in C:\Users\britt\Local Sites\sitecaredev\app\public\wp-content\plugins\event-tickets\common\src\functions\utils.php on line 406
[25-Jul-2025 14:59:00 UTC] PHP Warning:  Attempt to read property "priority" on string in C:\Users\britt\Local Sites\sitecaredev\app\public\wp-content\plugins\event-tickets\common\src\functions\utils.php on line 406
[25-Jul-2025 14:59:00 UTC] PHP Warning:  Attempt to read property "priority" on string in C:\Users\britt\Local Sites\sitecaredev\app\public\wp-content\plugins\event-tickets\common\src\functions\utils.php on line 406
[25-Jul-2025 14:59:00 UTC] PHP Warning:  Attempt to read property "priority" on string in C:\Users\britt\Local Sites\sitecaredev\app\public\wp-content\plugins\event-tickets\common\src\functions\utils.php on line 406
[25-Jul-2025 14:59:00 UTC] PHP Warning:  Attempt to read property "priority" on string in C:\Users\britt\Local Sites\sitecaredev\app\public\wp-content\plugins\event-tickets\common\src\functions\utils.php on line 406
[25-Jul-2025 14:59:00 UTC] PHP Warning:  Attempt to read property "priority" on string in C:\Users\britt\Local Sites\sitecaredev\app\public\wp-content\plugins\event-tickets\common\src\functions\utils.php on line 406
[25-Jul-2025 14:59:00 UTC] PHP Warning:  Attempt to read property "priority" on string in C:\Users\britt\Local Sites\sitecaredev\app\public\wp-content\plugins\event-tickets\common\src\functions\utils.php on line 406
[25-Jul-2025 14:59:00 UTC] PHP Warning:  Attempt to read property "priority" on string in C:\Users\britt\Local Sites\sitecaredev\app\public\wp-content\plugins\event-tickets\common\src\functions\utils.php on line 406
[25-Jul-2025 14:59:00 UTC] PHP Warning:  Attempt to read property "priority" on string in C:\Users\britt\Local Sites\sitecaredev\app\public\wp-content\plugins\event-tickets\common\src\functions\utils.php on line 406
[25-Jul-2025 14:59:00 UTC] PHP Warning:  Attempt to read property "priority" on string in C:\Users\britt\Local Sites\sitecaredev\app\public\wp-content\plugins\event-tickets\common\src\functions\utils.php on line 406
[25-Jul-2025 14:59:00 UTC] PHP Warning:  Attempt to read property "priority" on string in C:\Users\britt\Local Sites\sitecaredev\app\public\wp-content\plugins\event-tickets\common\src\functions\utils.php on line 406
[25-Jul-2025 14:59:00 UTC] PHP Warning:  Attempt to read property "priority" on string in C:\Users\britt\Local Sites\sitecaredev\app\public\wp-content\plugins\event-tickets\common\src\functions\utils.php on line 406
[25-Jul-2025 14:59:00 UTC] PHP Warning:  Attempt to read property "priority" on string in C:\Users\britt\Local Sites\sitecaredev\app\public\wp-content\plugins\event-tickets\common\src\functions\utils.php on line 406
[25-Jul-2025 14:59:00 UTC] PHP Warning:  Attempt to read property "priority" on string in C:\Users\britt\Local Sites\sitecaredev\app\public\wp-content\plugins\event-tickets\common\src\functions\utils.php on line 406
[25-Jul-2025 14:59:00 UTC] PHP Warning:  Attempt to read property "priority" on string in C:\Users\britt\Local Sites\sitecaredev\app\public\wp-content\plugins\event-tickets\common\src\functions\utils.php on line 406
[25-Jul-2025 14:59:00 UTC] PHP Warning:  Attempt to read property "priority" on string in C:\Users\britt\Local Sites\sitecaredev\app\public\wp-content\plugins\event-tickets\common\src\functions\utils.php on line 406
[25-Jul-2025 14:59:00 UTC] PHP Warning:  Attempt to read property "priority" on string in C:\Users\britt\Local Sites\sitecaredev\app\public\wp-content\plugins\event-tickets\common\src\functions\utils.php on line 406
[25-Jul-2025 14:59:00 UTC] PHP Warning:  Attempt to read property "priority" on string in C:\Users\britt\Local Sites\sitecaredev\app\public\wp-content\plugins\event-tickets\common\src\functions\utils.php on line 406
[25-Jul-2025 14:59:00 UTC] PHP Warning:  Attempt to read property "priority" on string in C:\Users\britt\Local Sites\sitecaredev\app\public\wp-content\plugins\event-tickets\common\src\functions\utils.php on line 406
[25-Jul-2025 14:59:00 UTC] PHP Warning:  Attempt to read property "priority" on string in C:\Users\britt\Local Sites\sitecaredev\app\public\wp-content\plugins\event-tickets\common\src\functions\utils.php on line 406
[25-Jul-2025 14:59:00 UTC] PHP Warning:  Attempt to read property "priority" on string in C:\Users\britt\Local Sites\sitecaredev\app\public\wp-content\plugins\event-tickets\common\src\functions\utils.php on line 406
[25-Jul-2025 14:59:00 UTC] PHP Warning:  Attempt to read property "priority" on string in C:\Users\britt\Local Sites\sitecaredev\app\public\wp-content\plugins\event-tickets\common\src\functions\utils.php on line 406
[25-Jul-2025 14:59:00 UTC] PHP Warning:  Attempt to read property "priority" on string in C:\Users\britt\Local Sites\sitecaredev\app\public\wp-content\plugins\event-tickets\common\src\functions\utils.php on line 406
[25-Jul-2025 14:59:00 UTC] PHP Warning:  Attempt to read property "priority" on string in C:\Users\britt\Local Sites\sitecaredev\app\public\wp-content\plugins\event-tickets\common\src\functions\utils.php on line 406
[25-Jul-2025 14:59:00 UTC] PHP Warning:  Attempt to read property "priority" on string in C:\Users\britt\Local Sites\sitecaredev\app\public\wp-content\plugins\event-tickets\common\src\functions\utils.php on line 406
[25-Jul-2025 14:59:00 UTC] PHP Warning:  Attempt to read property "priority" on string in C:\Users\britt\Local Sites\sitecaredev\app\public\wp-content\plugins\event-tickets\common\src\functions\utils.php on line 406
[25-Jul-2025 14:59:00 UTC] PHP Warning:  Attempt to read property "priority" on string in C:\Users\britt\Local Sites\sitecaredev\app\public\wp-content\plugins\event-tickets\common\src\functions\utils.php on line 406
[25-Jul-2025 14:59:00 UTC] PHP Warning:  Attempt to read property "priority" on string in C:\Users\britt\Local Sites\sitecaredev\app\public\wp-content\plugins\event-tickets\common\src\functions\utils.php on line 406
[25-Jul-2025 14:59:00 UTC] PHP Warning:  Attempt to read property "priority" on string in C:\Users\britt\Local Sites\sitecaredev\app\public\wp-content\plugins\event-tickets\common\src\functions\utils.php on line 406
[25-Jul-2025 14:59:00 UTC] PHP Warning:  Attempt to read property "priority" on string in C:\Users\britt\Local Sites\sitecaredev\app\public\wp-content\plugins\event-tickets\common\src\functions\utils.php on line 406
[25-Jul-2025 14:59:00 UTC] PHP Warning:  Attempt to read property "priority" on string in C:\Users\britt\Local Sites\sitecaredev\app\public\wp-content\plugins\event-tickets\common\src\functions\utils.php on line 406
[25-Jul-2025 14:59:00 UTC] PHP Warning:  Attempt to read property "priority" on string in C:\Users\britt\Local Sites\sitecaredev\app\public\wp-content\plugins\event-tickets\common\src\functions\utils.php on line 406
[25-Jul-2025 14:59:00 UTC] PHP Warning:  Attempt to read property "priority" on string in C:\Users\britt\Local Sites\sitecaredev\app\public\wp-content\plugins\event-tickets\common\src\functions\utils.php on line 406
[25-Jul-2025 14:59:00 UTC] PHP Warning:  Attempt to read property "priority" on string in C:\Users\britt\Local Sites\sitecaredev\app\public\wp-content\plugins\event-tickets\common\src\functions\utils.php on line 406
[25-Jul-2025 14:59:00 UTC] PHP Warning:  Attempt to read property "priority" on string in C:\Users\britt\Local Sites\sitecaredev\app\public\wp-content\plugins\event-tickets\common\src\functions\utils.php on line 406
[25-Jul-2025 14:59:00 UTC] PHP Warning:  Attempt to read property "priority" on string in C:\Users\britt\Local Sites\sitecaredev\app\public\wp-content\plugins\event-tickets\common\src\functions\utils.php on line 406
[25-Jul-2025 14:59:00 UTC] PHP Warning:  Attempt to read property "priority" on string in C:\Users\britt\Local Sites\sitecaredev\app\public\wp-content\plugins\event-tickets\common\src\functions\utils.php on line 406
[25-Jul-2025 14:59:00 UTC] PHP Warning:  Attempt to read property "priority" on string in C:\Users\britt\Local Sites\sitecaredev\app\public\wp-content\plugins\event-tickets\common\src\functions\utils.php on line 406
[25-Jul-2025 14:59:00 UTC] PHP Warning:  Attempt to read property "priority" on string in C:\Users\britt\Local Sites\sitecaredev\app\public\wp-content\plugins\event-tickets\common\src\functions\utils.php on line 406
[25-Jul-2025 14:59:00 UTC] PHP Warning:  Attempt to read property "priority" on string in C:\Users\britt\Local Sites\sitecaredev\app\public\wp-content\plugins\event-tickets\common\src\functions\utils.php on line 406
[25-Jul-2025 14:59:00 UTC] PHP Warning:  Attempt to read property "priority" on string in C:\Users\britt\Local Sites\sitecaredev\app\public\wp-content\plugins\event-tickets\common\src\functions\utils.php on line 406
[25-Jul-2025 14:59:00 UTC] PHP Warning:  Attempt to read property "priority" on string in C:\Users\britt\Local Sites\sitecaredev\app\public\wp-content\plugins\event-tickets\common\src\functions\utils.php on line 406
[25-Jul-2025 14:59:00 UTC] PHP Warning:  Attempt to read property "priority" on string in C:\Users\britt\Local Sites\sitecaredev\app\public\wp-content\plugins\event-tickets\common\src\functions\utils.php on line 406
[25-Jul-2025 14:59:00 UTC] PHP Warning:  Attempt to read property "priority" on string in C:\Users\britt\Local Sites\sitecaredev\app\public\wp-content\plugins\event-tickets\common\src\functions\utils.php on line 406
[25-Jul-2025 14:59:00 UTC] PHP Warning:  Attempt to read property "priority" on string in C:\Users\britt\Local Sites\sitecaredev\app\public\wp-content\plugins\event-tickets\common\src\functions\utils.php on line 406
[25-Jul-2025 14:59:00 UTC] PHP Warning:  Attempt to read property "priority" on string in C:\Users\britt\Local Sites\sitecaredev\app\public\wp-content\plugins\event-tickets\common\src\functions\utils.php on line 406
[25-Jul-2025 14:59:00 UTC] PHP Warning:  Attempt to read property "priority" on string in C:\Users\britt\Local Sites\sitecaredev\app\public\wp-content\plugins\event-tickets\common\src\functions\utils.php on line 406
[25-Jul-2025 14:59:00 UTC] PHP Warning:  Attempt to read property "priority" on string in C:\Users\britt\Local Sites\sitecaredev\app\public\wp-content\plugins\event-tickets\common\src\functions\utils.php on line 406
[25-Jul-2025 14:59:00 UTC] PHP Warning:  Attempt to read property "priority" on string in C:\Users\britt\Local Sites\sitecaredev\app\public\wp-content\plugins\event-tickets\common\src\functions\utils.php on line 406
[25-Jul-2025 14:59:00 UTC] PHP Warning:  Attempt to read property "priority" on string in C:\Users\britt\Local Sites\sitecaredev\app\public\wp-content\plugins\event-tickets\common\src\functions\utils.php on line 406
[25-Jul-2025 14:59:00 UTC] PHP Warning:  Attempt to read property "priority" on string in C:\Users\britt\Local Sites\sitecaredev\app\public\wp-content\plugins\event-tickets\common\src\functions\utils.php on line 406
[25-Jul-2025 14:59:00 UTC] PHP Warning:  Attempt to read property "priority" on string in C:\Users\britt\Local Sites\sitecaredev\app\public\wp-content\plugins\event-tickets\common\src\functions\utils.php on line 406
[25-Jul-2025 14:59:00 UTC] PHP Warning:  Attempt to read property "priority" on string in C:\Users\britt\Local Sites\sitecaredev\app\public\wp-content\plugins\event-tickets\common\src\functions\utils.php on line 406
[25-Jul-2025 14:59:00 UTC] PHP Warning:  Attempt to read property "priority" on string in C:\Users\britt\Local Sites\sitecaredev\app\public\wp-content\plugins\event-tickets\common\src\functions\utils.php on line 406
[25-Jul-2025 14:59:00 UTC] PHP Warning:  Attempt to read property "priority" on string in C:\Users\britt\Local Sites\sitecaredev\app\public\wp-content\plugins\event-tickets\common\src\functions\utils.php on line 406
[25-Jul-2025 14:59:00 UTC] PHP Warning:  Attempt to read property "priority" on string in C:\Users\britt\Local Sites\sitecaredev\app\public\wp-content\plugins\event-tickets\common\src\functions\utils.php on line 406
[25-Jul-2025 14:59:00 UTC] PHP Warning:  Attempt to read property "priority" on string in C:\Users\britt\Local Sites\sitecaredev\app\public\wp-content\plugins\event-tickets\common\src\functions\utils.php on line 406
[25-Jul-2025 14:59:00 UTC] PHP Warning:  Attempt to read property "priority" on string in C:\Users\britt\Local Sites\sitecaredev\app\public\wp-content\plugins\event-tickets\common\src\functions\utils.php on line 406
[25-Jul-2025 14:59:00 UTC] PHP Warning:  Attempt to read property "priority" on string in C:\Users\britt\Local Sites\sitecaredev\app\public\wp-content\plugins\event-tickets\common\src\functions\utils.php on line 406
[25-Jul-2025 14:59:00 UTC] PHP Warning:  Attempt to read property "priority" on string in C:\Users\britt\Local Sites\sitecaredev\app\public\wp-content\plugins\event-tickets\common\src\functions\utils.php on line 406
[25-Jul-2025 14:59:00 UTC] PHP Warning:  Attempt to read property "priority" on string in C:\Users\britt\Local Sites\sitecaredev\app\public\wp-content\plugins\event-tickets\common\src\functions\utils.php on line 406
[25-Jul-2025 14:59:00 UTC] PHP Warning:  Attempt to read property "priority" on string in C:\Users\britt\Local Sites\sitecaredev\app\public\wp-content\plugins\event-tickets\common\src\functions\utils.php on line 406
[25-Jul-2025 14:59:00 UTC] PHP Warning:  Attempt to read property "priority" on string in C:\Users\britt\Local Sites\sitecaredev\app\public\wp-content\plugins\event-tickets\common\src\functions\utils.php on line 406
[25-Jul-2025 14:59:00 UTC] PHP Warning:  Attempt to read property "priority" on string in C:\Users\britt\Local Sites\sitecaredev\app\public\wp-content\plugins\event-tickets\common\src\functions\utils.php on line 406
[25-Jul-2025 14:59:00 UTC] PHP Warning:  Attempt to read property "priority" on string in C:\Users\britt\Local Sites\sitecaredev\app\public\wp-content\plugins\event-tickets\common\src\functions\utils.php on line 406
[25-Jul-2025 14:59:00 UTC] PHP Warning:  Attempt to read property "priority" on string in C:\Users\britt\Local Sites\sitecaredev\app\public\wp-content\plugins\event-tickets\common\src\functions\utils.php on line 406
[25-Jul-2025 14:59:00 UTC] PHP Warning:  Attempt to read property "priority" on string in C:\Users\britt\Local Sites\sitecaredev\app\public\wp-content\plugins\event-tickets\common\src\functions\utils.php on line 406
[25-Jul-2025 14:59:00 UTC] PHP Warning:  Attempt to read property "priority" on string in C:\Users\britt\Local Sites\sitecaredev\app\public\wp-content\plugins\event-tickets\common\src\functions\utils.php on line 406
[25-Jul-2025 14:59:00 UTC] PHP Warning:  Attempt to read property "priority" on string in C:\Users\britt\Local Sites\sitecaredev\app\public\wp-content\plugins\event-tickets\common\src\functions\utils.php on line 406
[25-Jul-2025 14:59:00 UTC] PHP Warning:  Attempt to read property "priority" on string in C:\Users\britt\Local Sites\sitecaredev\app\public\wp-content\plugins\event-tickets\common\src\functions\utils.php on line 406
[25-Jul-2025 15:35:42 UTC] PHP Fatal error:  Uncaught Error: Call to undefined method Tribe__Tickets_Plus__Main::get_instance() in C:\Users\britt\Local Sites\sitecaredev\app\public\wp-content\themes\divinonprofit\tribe\tickets-plus\v2\modal\attendee-registration.php:50
Stack trace:
#0 C:\Users\britt\Local Sites\sitecaredev\app\public\wp-content\plugins\event-tickets\common\src\Tribe\Template.php(1069): include()
#1 C:\Users\britt\Local Sites\sitecaredev\app\public\wp-content\plugins\event-tickets\common\src\Tribe\Template.php(919): Tribe__Template->template_safe_include(NULL)
#2 C:\Users\britt\Local Sites\sitecaredev\app\public\wp-content\plugins\event-tickets-plus\src\views\v2\modal\form.php(40): Tribe__Template->template(Array)
#3 C:\Users\britt\Local Sites\sitecaredev\app\public\wp-content\plugins\event-tickets\common\src\Tribe\Template.php(1069): include('C:\\Users\\britt\\...')
#4 C:\Users\britt\Local Sites\sitecaredev\app\public\wp-content\plugins\event-tickets\common\src\Tribe\Template.php(919): Tribe__Template->template_safe_include(NULL)
#5 C:\Users\britt\Local Sites\sitecaredev\app\public\wp-content\plugins\event-tickets-plus\src\views\v2\tickets\submit\button-modal.php(95): Tribe__Template->template(Array, Array, false)
#6 C:\Users\britt\Local Sites\sitecaredev\app\public\wp-content\plugins\event-tickets\common\src\Tribe\Template.php(1069): include('C:\\Users\\britt\\...')
#7 C:\Users\britt\Local Sites\sitecaredev\app\public\wp-content\plugins\event-tickets\common\src\Tribe\Template.php(919): Tribe__Template->template_safe_include(NULL)
#8 C:\Users\britt\Local Sites\sitecaredev\app\public\wp-content\plugins\event-tickets-plus\src\Tribe\Attendee_Registration\Modal.php(165): Tribe__Template->template(Array)
#9 C:\Users\britt\Local Sites\sitecaredev\app\public\wp-includes\class-wp-hook.php(324): Tribe\Tickets\Plus\Attendee_Registration\Modal->render_modal_submit_button('C:\\Users\\britt\\...', Array, Object(Tribe__Tickets__Editor__Template))
#10 C:\Users\britt\Local Sites\sitecaredev\app\public\wp-includes\class-wp-hook.php(348): WP_Hook->apply_filters('', Array)
#11 C:\Users\britt\Local Sites\sitecaredev\app\public\wp-includes\plugin.php(517): WP_Hook->do_action(Array)
#12 C:\Users\britt\Local Sites\sitecaredev\app\public\wp-content\plugins\event-tickets\common\src\Tribe\Template.php(1446): do_action('tribe_template_...', 'C:\\Users\\britt\\...', Array, Object(Tribe__Tickets__Editor__Template))
#13 C:\Users\britt\Local Sites\sitecaredev\app\public\wp-content\plugins\event-tickets\common\src\Tribe\Template.php(916): Tribe__Template->actions_before_template('C:\\Users\\britt\\...', Array, 'tickets/v2/tick...')
#14 C:\Users\britt\Local Sites\sitecaredev\app\public\wp-content\plugins\event-tickets\src\views\v2\tickets\submit.php(46): Tribe__Template->template(Array)
#15 C:\Users\britt\Local Sites\sitecaredev\app\public\wp-content\plugins\event-tickets\common\src\Tribe\Template.php(1069): include('C:\\Users\\britt\\...')
#16 C:\Users\britt\Local Sites\sitecaredev\app\public\wp-content\plugins\event-tickets\common\src\Tribe\Template.php(919): Tribe__Template->template_safe_include(NULL)
#17 C:\Users\britt\Local Sites\sitecaredev\app\public\wp-content\plugins\event-tickets\src\views\v2\tickets\footer.php(54): Tribe__Template->template(Array)
#18 C:\Users\britt\Local Sites\sitecaredev\app\public\wp-content\plugins\event-tickets\common\src\Tribe\Template.php(1069): include('C:\\Users\\britt\\...')
#19 C:\Users\britt\Local Sites\sitecaredev\app\public\wp-content\plugins\event-tickets\common\src\Tribe\Template.php(919): Tribe__Template->template_safe_include(NULL)
#20 C:\Users\britt\Local Sites\sitecaredev\app\public\wp-content\plugins\event-tickets\src\views\v2\tickets.php(77): Tribe__Template->template(Array)
#21 C:\Users\britt\Local Sites\sitecaredev\app\public\wp-content\plugins\event-tickets\common\src\Tribe\Template.php(1069): include('C:\\Users\\britt\\...')
#22 C:\Users\britt\Local Sites\sitecaredev\app\public\wp-content\plugins\event-tickets\common\src\Tribe\Template.php(919): Tribe__Template->template_safe_include(NULL)
#23 C:\Users\britt\Local Sites\sitecaredev\app\public\wp-content\plugins\event-tickets\src\Tribe\Tickets_View.php(1194): Tribe__Template->template(Array, Array, true)
#24 C:\Users\britt\Local Sites\sitecaredev\app\public\wp-content\plugins\event-tickets-plus\src\Tribe\Commerce\WooCommerce\Main.php(2027): Tribe__Tickets__Tickets_View->get_tickets_block(Object(WP_Post))
#25 C:\Users\britt\Local Sites\sitecaredev\app\public\wp-content\plugins\event-tickets\src\Tribe\Tickets.php(1348): Tribe__Tickets_Plus__Commerce__WooCommerce__Main->front_end_tickets_form('')
#26 C:\Users\britt\Local Sites\sitecaredev\app\public\wp-includes\class-wp-hook.php(324): Tribe__Tickets__Tickets->maybe_add_front_end_tickets_form('')
#27 C:\Users\britt\Local Sites\sitecaredev\app\public\wp-includes\class-wp-hook.php(348): WP_Hook->apply_filters(NULL, Array)
#28 C:\Users\britt\Local Sites\sitecaredev\app\public\wp-includes\plugin.php(517): WP_Hook->do_action(Array)
#29 C:\Users\britt\Local Sites\sitecaredev\app\public\wp-content\plugins\the-events-calendar\src\views\single-event.php(122): do_action('tribe_events_si...')
#30 C:\Users\britt\Local Sites\sitecaredev\app\public\wp-content\plugins\the-events-calendar\src\functions\template-tags\general.php(42): include('C:\\Users\\britt\\...')
#31 C:\Users\britt\Local Sites\sitecaredev\app\public\wp-content\plugins\the-events-calendar\src\Tribe\Views\V2\Template_Bootstrap.php(207): tribe_get_view('single-event')
#32 C:\Users\britt\Local Sites\sitecaredev\app\public\wp-content\plugins\the-events-calendar\src\Tribe\Views\V2\Template_Bootstrap.php(285): Tribe\Events\Views\V2\Template_Bootstrap->get_v1_single_event_html()
#33 C:\Users\britt\Local Sites\sitecaredev\app\public\wp-content\plugins\the-events-calendar\src\views\v2\default-template.php(19): Tribe\Events\Views\V2\Template_Bootstrap->get_view_html()
#34 C:\Users\britt\Local Sites\sitecaredev\app\public\wp-includes\template-loader.php(106): include('C:\\Users\\britt\\...')
#35 C:\Users\britt\Local Sites\sitecaredev\app\public\wp-blog-header.php(19): require_once('C:\\Users\\britt\\...')
#36 C:\Users\britt\Local Sites\sitecaredev\app\public\index.php(17): require('C:\\Users\\britt\\...')
#37 {main}
  thrown in C:\Users\britt\Local Sites\sitecaredev\app\public\wp-content\themes\divinonprofit\tribe\tickets-plus\v2\modal\attendee-registration.php on line 50
[25-Jul-2025 18:08:36 UTC] WordPress database error You have an error in your SQL syntax; check the manual that corresponds to your MySQL server version for the right syntax to use near ')) 
					 GROUP BY wp_posts.ID
					 
					 LIMIT 0, 50' at line 4 for query SELECT SQL_CALC_FOUND_ROWS  wp_posts.ID
					 FROM wp_posts 
JOIN wp_postmeta meta_in_1 ON wp_posts.ID = meta_in_1.post_id 
					 WHERE 1=1  AND wp_posts.post_type IN ('download', 'product', 'tec_tc_ticket', 'tribe_rsvp_tickets', 'tribe_tpp_tickets') AND ((wp_posts.post_status = 'publish' OR wp_posts.post_status = 'private')) AND (meta_in_1.meta_key IN ('_tribe_rsvp_for_event','_tribe_tpp_for_event','_tec_tickets_commerce_event','_tribe_eddticket_for_event','_tribe_wooticket_for_event') AND meta_in_1.meta_value IN ()) 
					 GROUP BY wp_posts.ID
					 
					 LIMIT 0, 50 made by do_action('customize_controls_print_footer_scripts'), WP_Hook->do_action, WP_Hook->apply_filters, WP_Customize_Widgets->print_footer_scripts, do_action('admin_print_footer_scripts'), WP_Hook->do_action, WP_Hook->apply_filters, _wp_footer_scripts, print_footer_scripts, WP_Scripts->do_footer_items, WP_Dependencies->do_items, WP_Scripts->do_item, apply_filters('script_loader_tag'), WP_Hook->apply_filters, TEC\Common\StellarWP\Assets\Assets->filter_add_localization_data, TEC\Tickets\Seating\Editor->get_store_data, Tribe__Repository->get_ids_generator, Tribe__Repository->get_ids, WP_Query->get_posts
[25-Jul-2025 18:08:37 UTC] tribe-canonical-line channel=default level=error source="TEC\Tickets\Seating\Service\Updater::store_fetched_data" code=401
[25-Jul-2025 20:17:22 UTC] PHP Fatal error:  Uncaught Error: Call to undefined function aadd_action() in C:\Users\britt\Local Sites\sitecaredev\app\public\wp-content\themes\divinonprofit\functions.php:708
Stack trace:
#0 C:\Users\britt\Local Sites\sitecaredev\app\public\wp-settings.php(695): include()
#1 C:\Users\britt\Local Sites\sitecaredev\app\public\wp-config.php(103): require_once('C:\\Users\\britt\\...')
#2 C:\Users\britt\Local Sites\sitecaredev\app\public\wp-load.php(50): require_once('C:\\Users\\britt\\...')
#3 C:\Users\britt\Local Sites\sitecaredev\app\public\wp-blog-header.php(13): require_once('C:\\Users\\britt\\...')
#4 C:\Users\britt\Local Sites\sitecaredev\app\public\index.php(17): require('C:\\Users\\britt\\...')
#5 {main}
  thrown in C:\Users\britt\Local Sites\sitecaredev\app\public\wp-content\themes\divinonprofit\functions.php on line 708
[25-Jul-2025 20:17:23 UTC] PHP Fatal error:  Uncaught Error: Call to undefined function aadd_action() in C:\Users\britt\Local Sites\sitecaredev\app\public\wp-content\themes\divinonprofit\functions.php:708
Stack trace:
#0 C:\Users\britt\Local Sites\sitecaredev\app\public\wp-settings.php(695): include()
#1 C:\Users\britt\Local Sites\sitecaredev\app\public\wp-config.php(103): require_once('C:\\Users\\britt\\...')
#2 C:\Users\britt\Local Sites\sitecaredev\app\public\wp-load.php(50): require_once('C:\\Users\\britt\\...')
#3 C:\Users\britt\Local Sites\sitecaredev\app\public\wp-blog-header.php(13): require_once('C:\\Users\\britt\\...')
#4 C:\Users\britt\Local Sites\sitecaredev\app\public\index.php(17): require('C:\\Users\\britt\\...')
#5 {main}
  thrown in C:\Users\britt\Local Sites\sitecaredev\app\public\wp-content\themes\divinonprofit\functions.php on line 708
